"","category","over_represented_pvalue","under_represented_pvalue","numDEInCat","numInCat","Annotation","ontology"
"1","ARA:PWY-101",8.9330139302017e-11,1,27,43,"photosynthesis light reactions","BioCyc"
"2","ARA:PHOTOALL-PWY",4.14894713097669e-08,0.999999989015478,37,85,"oxygenic photosynthesis","BioCyc"
"3","ARA:PWY-7344",0.000978623665013082,0.999965503883459,5,6,"UDP-D-galactose biosynthesis","BioCyc"
"4","ARA:PWY-2501",0.00174209517826738,0.999779577435058,7,12,"fatty acid &alpha;-oxidation I","BioCyc"
"5","ARA:PWY-3341",0.00395514571476598,0.999840653519419,4,5,"L-proline biosynthesis III","BioCyc"
"6","ARA:XYLCAT-PWY",0.00553213013252634,1,3,3,"xylose degradation I","BioCyc"
"7","ARA:PWY-5698",0.00567358847872798,1,3,3,"allantoin degradation to ureidoglycolate II (ammonia producing)","BioCyc"
"8","ARA:PWY-2724",0.00592000515652077,0.999149907724847,6,11,"alkane oxidation","BioCyc"
"9","ARA:PWY-5995",0.00595807485226753,1,3,3,"linoleate biosynthesis I (plants)","BioCyc"
"10","ARA:PWY-7219",0.00595812346883213,0.997947309305535,14,39,"adenosine ribonucleotides de novo biosynthesis","BioCyc"
"11","ARA:PWY-3821",0.00643776486295552,0.999331825247858,5,8,"D-galactose degradation III","BioCyc"
"12","ARA:CHLOROPHYLL-SYN",0.0066118390635385,0.998379911753168,9,21,"3,8-divinyl-chlorophyllide a biosynthesis I (aerobic, light-dependent)","BioCyc"
"13","ARA:PWY-6527",0.0154352044105099,0.99695370339599,6,13,"stachyose degradation","BioCyc"
"14","ARA:PWYQT-1",0.016427377276343,0.999216102961115,3,4,"lysine degradation III","BioCyc"
"15","ARA:PROSYN-PWY",0.0181140468632364,0.999100976003921,3,4,"L-proline biosynthesis I","BioCyc"
"16","ARA:ARG-PRO-PWY",0.0207314659659088,0.998913187008832,3,4,"L-arginine degradation VI (arginase 2 pathway)","BioCyc"
"17","ARA:PWY-6444",0.0240551004449164,0.994548626986983,6,14,"benzoate biosynthesis II (CoA-independent, non-&beta;-oxidative)","BioCyc"
"18","ARA:PWY-6927",0.0280792508522777,0.993390332571256,6,14,"chlorophyll a degradation II","BioCyc"
"19","ARA:PWY-6317",0.0313151045447199,0.99223557716169,6,15,"D-galactose degradation I (Leloir pathway)","BioCyc"
"20","ARA:PWY-5692",0.0323134908973055,1,2,2,"allantoin degradation to glyoxylate II","BioCyc"
"21","ARA:PWY-6802",0.0327494141420152,1,2,2,"salidroside biosynthesis","BioCyc"
"22","ARA:HEXPPSYN-PWY",0.0332846147687855,1,2,2,"hexaprenyl diphosphate biosynthesis","BioCyc"
"23","ARA:PWY-5783",0.0332846147687855,1,2,2,"octaprenyl diphosphate biosynthesis","BioCyc"
"24","ARA:PWY-5805",0.0332846147687855,1,2,2,"nonaprenyl diphosphate biosynthesis I","BioCyc"
"25","ARA:PWY-63",0.0333258713648775,0.993197993264064,5,11,"UDP-L-arabinose biosynthesis I (from UDP-xylose)","BioCyc"
"26","ARA:PWY-1801",0.0333576450760264,1,2,2,"formaldehyde oxidation II (glutathione-dependent)","BioCyc"
"27","ARA:PWY-5945",0.0438019153180337,0.995507574993461,3,5,"zeaxanthin, antheraxanthin and violaxanthin interconversion","BioCyc"
"28","ARA:PWY-6959",0.0502653297247788,0.988013366599427,5,12,"L-ascorbate degradation V","BioCyc"
"29","ARA:PWY-5973",0.0538748946067481,0.98057763981039,8,24,"cis-vaccenate biosynthesis","BioCyc"
"30","ARA:PWY-762",0.0621793493971565,0.987371852180824,4,9,"phospholipid desaturation","BioCyc"
"31","ARA:PYRUVDEHYD-PWY",0.0627708982948585,0.978374974789882,7,21,"pyruvate decarboxylation to acetyl CoA","BioCyc"
"32","ARA:PWY-6724",0.0656509142136333,0.982181178582071,5,14,"starch degradation II","BioCyc"
"33","ARA:FASYN-ELONG-PWY",0.0684609188023827,0.981589785073068,5,13,"fatty acid elongation -- saturated","BioCyc"
"34","ARA:PWY-5172",0.07194682793144,0.989330346963485,3,6,"acetyl-CoA biosynthesis III (from citrate)","BioCyc"
"35","ARA:PWY-2541",0.0723130442288626,0.966635436112637,11,39,"plant sterol biosynthesis","BioCyc"
"36","ARA:PWYQT-4445",0.0727600684018475,0.973775799890124,7,22,"pyrimidine salvage pathway","BioCyc"
"37","ARA:PWY-5989",0.0763747699681302,0.965924494343818,10,35,"stearate biosynthesis II (bacteria and plants)","BioCyc"
"38","ARA:LYSINE-DEG2-PWY",0.0813534957038305,0.981007525557691,4,10,"lysine degradation II","BioCyc"
"39","ARA:PWYQT-4427",0.0840698774666369,0.99434221815463,2,3,"sulfoquinovosyl diacylglycerol biosynthesis","BioCyc"
"40","ARA:PWY-7436",0.0869277840078797,0.994029362968233,2,3,"vitamin E biosynthesis (tocotrienols)","BioCyc"
"41","ARA:PWY-7985",0.0870180004542498,0.994019375606086,2,3,"oxalate degradation VI","BioCyc"
"42","ARA:PWY-6446",0.104767970574878,0.962018125016688,6,19,"benzoate biosynthesis III (CoA-dependent, non-&beta;-oxidative)","BioCyc"
"43","ARA:PWY-5971",0.104968884419515,0.949723934389512,10,37,"palmitate biosynthesis II (bacteria and plants)","BioCyc"
"44","ARA:SUCSYN-PWY",0.110707931854808,0.94638863890584,10,37,"sucrose biosynthesis I (from photosynthesis)","BioCyc"
"45","ARA:PWY66-21",0.11592306601097,0.948671222896439,8,29,"ethanol degradation II","BioCyc"
"46","ARA:PWY-2301",0.118227831816355,0.976113656911749,3,7,"myo-inositol biosynthesis","BioCyc"
"47","ARA:PWY-5098",0.119503849241653,0.975735515449226,3,7,"chlorophyll a degradation I","BioCyc"
"48","ARA:PWY-861",0.120070671691285,0.975566874165965,3,7,"dhurrin biosynthesis","BioCyc"
"49","ARA:PWY-622",0.133642584946577,0.93823968090473,8,31,"starch biosynthesis","BioCyc"
"50","ARA:PWY-5947",0.144060206616878,0.981341942244078,2,4,"lutein biosynthesis","BioCyc"
"51","ARA:PWY-7238",0.14413379361443,0.928508534611908,9,36,"sucrose biosynthesis II","BioCyc"
"52","ARA:PWY-6520",0.151639862883785,0.979705280666066,2,4,"nonaprenyl diphosphate biosynthesis II","BioCyc"
"53","ARA:PWY-3881",0.151973243465293,0.979631944475811,2,4,"mannitol biosynthesis","BioCyc"
"54","ARA:PWY-6544",0.152306531576373,0.963434037442368,3,8,"superpathway of C28 brassinosteroid biosynthesis","BioCyc"
"55","ARA:PWY-699",0.152306531576373,0.963434037442368,3,8,"brassinosteroid biosynthesis I","BioCyc"
"56","ARA:PWY0-1182",0.154747668388025,0.962565051790759,3,8,"trehalose degradation II (trehalase)","BioCyc"
"57","ARA:PWY-5486",0.157748839621869,0.95008328304355,4,12,"pyruvate fermentation to ethanol II","BioCyc"
"58","ARA:PWY-5147",0.158317361845375,0.928389894631697,7,26,"oleate biosynthesis I (plants)","BioCyc"
"59","ARA:PWY-6596",0.159893874277078,0.932778022334393,6,22,"adenosine nucleotides degradation I","BioCyc"
"60","ARA:PWY-6786",0.160850989731358,0.948708910494972,4,12,"detoxification of reactive carbonyls in chloroplasts","BioCyc"
"61","ARA:PWY-1422",0.162660493770927,0.959697730500234,3,8,"vitamin E biosynthesis (tocopherols)","BioCyc"
"62","ARA:PWY-102",0.162799852148216,0.959646542962436,3,8,"gibberellin inactivation I (2&beta;-hydroxylation)","BioCyc"
"63","ARA:PWY-5386",0.163072839641629,0.931508767476216,6,21,"methylglyoxal degradation I","BioCyc"
"64","ARA:PWY-3181",0.164686568464103,0.973478614305066,2,5,"L-tryptophan degradation VI (via tryptamine)","BioCyc"
"65","ARA:PWY-181",0.165489838101423,0.915469732862154,9,35,"photorespiration","BioCyc"
"66","ARA:PWY-1001",0.165730450773224,0.936264113052501,5,18,"cellulose biosynthesis","BioCyc"
"67","ARA:GLYCLEAV-PWY",0.170581678277565,0.934384453041913,5,17,"glycine cleavage","BioCyc"
"68","ARA:PWY-7388",0.173063462062596,0.919387751698661,7,27,"octanoyl-[acyl-carrier protein] biosynthesis (mitochondria, yeast)","BioCyc"
"69","ARA:PWY-5697",0.178236414861047,1,1,1,"allantoin degradation to ureidoglycolate I (urea producing)","BioCyc"
"70","ARA:PWY-4101",0.179359046964749,0.929800310245299,5,17,"D-sorbitol degradation I","BioCyc"
"71","ARA:PWY-5343",0.179685966288962,1,1,1,"ajugose biosynthesis II (galactinol-independent)","BioCyc"
"72","ARA:PWY-5175",0.180504768171865,1,1,1,"lactucaxanthin biosynthesis","BioCyc"
"73","ARA:PWY-5946",0.180504768171865,1,1,1,"&delta;-carotene biosynthesis","BioCyc"
"74","ARA:PWY-1881",0.181417409027814,1,1,1,"formate oxidation to CO2","BioCyc"
"75","ARA:PWY-7067",0.182656068404315,1,1,1,"betulinate biosynthesis","BioCyc"
"76","ARA:PWY-7068",0.182656068404315,1,1,1,"ursolate biosynthesis","BioCyc"
"77","ARA:PWY-5063",0.182891937612092,1,1,1,"phytyl diphosphate biosynthesis","BioCyc"
"78","ARA:PWY-5285",0.183027311130907,1,1,1,"sulfide oxidation III (persulfide dioxygenase)","BioCyc"
"79","ARA:PWY-5640",0.183383940500896,1,1,1,"nitrobenzene degradation II","BioCyc"
"80","ARA:PWY-2602",0.18347259897747,1,1,1,"brassinosteroid biosynthesis III","BioCyc"
"81","ARA:PWY-5998",0.183496407709457,1,1,1,"&gamma;-linolenate biosynthesis I (plants)","BioCyc"
"82","ARA:RIBOSYN2-PWY",0.184024150260497,0.936945828965619,4,13,"flavin biosynthesis I (bacteria and plants)","BioCyc"
"83","ARA:PWY-2261",0.198321675234961,0.91088993365157,6,22,"ascorbate glutathione cycle","BioCyc"
"84","ARA:PWY66-399",0.198357795523956,0.87762866797433,14,61,"gluconeogenesis III","BioCyc"
"85","ARA:PWY-5114",0.214133170519161,0.882875190905531,9,37,"UDP-sugars interconversion","BioCyc"
"86","ARA:PWY-5670",0.21805090950847,0.957793311322145,2,5,"epoxysqualene biosynthesis","BioCyc"
"87","ARA:CALVIN-PWY",0.221672219501898,0.873208782964022,10,42,"Calvin-Benson-Bassham cycle","BioCyc"
"88","ARA:PWY-4841",0.221751505692853,0.956587372963545,2,5,"UDP-&alpha;-D-glucuronate biosynthesis (from myo-inositol)","BioCyc"
"89","ARA:PWY-4983",0.224246215500742,0.955765731238643,2,5,"L-citrulline-nitric oxide cycle","BioCyc"
"90","ARA:PWY-5936",0.225310409576468,0.893921311541435,6,23,"xyloglucan biosynthesis","BioCyc"
"91","ARA:PWY-4702",0.226202001646852,0.955116697384824,2,5,"phytate degradation I","BioCyc"
"92","ARA:PWY-5807",0.228361484496193,0.954395071616841,2,5,"heptaprenyl diphosphate biosynthesis","BioCyc"
"93","ARA:HEME-BIOSYNTHESIS-II",0.230518512724469,0.912079891006615,4,14,"heme biosynthesis I (aerobic)","BioCyc"
"94","ARA:PWY-5046",0.235586989659639,0.909317125172001,4,14,"2-oxoisovalerate decarboxylation to isobutanoyl-CoA","BioCyc"
"95","ARA:PWY-7183",0.239536272787659,0.923451097571893,3,10,"pyrimidine nucleobases salvage I","BioCyc"
"96","ARA:PWY-6607",0.247940973829285,0.901332190495516,4,15,"guanosine nucleotides degradation I","BioCyc"
"97","ARA:PWY-5136",0.259082591078505,0.894935640154958,4,15,"fatty acid &beta;-oxidation II (peroxisome)","BioCyc"
"98","ARA:PWY-922",0.266085906127354,0.876972593197255,5,20,"mevalonate pathway I","BioCyc"
"99","ARA:PWY-5453",0.272095923952267,0.907080050010638,3,10,"methylglyoxal degradation III","BioCyc"
"100","ARA:PWY-5321",0.276674965860078,0.837532883809851,9,39,"quercetin glycoside biosynthesis (Arabidopsis)","BioCyc"
"101","ARA:PWY-6266",0.276674965860078,0.837532883809851,9,39,"superpathway of flavones and derivatives biosynthesis","BioCyc"
"102","ARA:PWY-6266-ARA",0.276674965860078,0.837532883809851,9,39,"superpathway of flavones and derivatives biosynthesis","BioCyc"
"103","ARA:LIPASYN-PWY",0.282648911158546,0.814961312564683,13,62,"phospholipases","BioCyc"
"104","ARA:PWY-7193",0.289615003922994,0.875522643234141,4,16,"pyrimidine ribonucleosides salvage I","BioCyc"
"105","ARA:GLUCOSE1PMETAB-PWY",0.290879267567823,0.860058291202615,5,21,"glucose and glucose-1-phosphate degradation","BioCyc"
"106","ARA:PYRIDNUCSYN-PWY",0.291223585551971,0.926201537419532,2,6,"NAD biosynthesis I (from aspartate)","BioCyc"
"107","ARA:PWY-282",0.291882746988082,0.925915899709622,2,6,"cuticular wax biosynthesis","BioCyc"
"108","ARA:PWY-7206",0.295011332289379,0.924552975661046,2,6,"pyrimidine deoxyribonucleotides dephosphorylation","BioCyc"
"109","ARA:THIOREDOX-PWY",0.298061698722142,0.856060378148181,5,20,"thioredoxin pathway","BioCyc"
"110","ARA:PWY0-501",0.303571328213163,0.920762973349764,2,6,"lipoate biosynthesis and incorporation I","BioCyc"
"111","ARA:PWY-6466",0.303754269543167,0.920680997320203,2,6,"pyridoxal 5'-phosphate biosynthesis II","BioCyc"
"112","ARA:GLYOXDEG-PWY",0.308756962615535,0.971625496666709,1,2,"glycolate and glyoxylate degradation II","BioCyc"
"113","ARA:PWY-6",0.310993022023485,0.971170590698133,1,2,"GDP-L-fucose biosynthesis II (from L-fucose)","BioCyc"
"114","ARA:VALDEG-PWY",0.315342180734745,0.831407194188128,6,26,"L-valine degradation I","BioCyc"
"115","ARA:GLYSYN-ALA-PWY",0.317343811121378,0.880020200625836,3,11,"glycine biosynthesis III","BioCyc"
"116","ARA:PWY-6066",0.317870693801982,0.969743927802624,1,2,"IAA biosynthesis VII","BioCyc"
"117","ARA:PWY0-1319",0.318025100132641,0.879621124837911,3,11,"CDP-diacylglycerol biosynthesis II","BioCyc"
"118","ARA:PWY-5791",0.3210495045795,0.908939186089036,2,7,"1,4-dihydroxy-2-naphthoate biosynthesis II (plants)","BioCyc"
"119","ARA:PWY-5837",0.3210495045795,0.908939186089036,2,7,"1,4-dihydroxy-2-naphthoate biosynthesis","BioCyc"
"120","ARA:PWY-6938",0.322658460128122,0.968726061589268,1,2,"NADH repair","BioCyc"
"121","ARA:NONOXIPENT-PWY",0.324184991991709,0.853408954063778,4,16,"pentose phosphate pathway (non-oxidative branch)","BioCyc"
"122","ARA:PWY-7204",0.324235670158919,0.853375538715718,4,16,"pyridoxal 5'-phosphate salvage II (plants)","BioCyc"
"123","ARA:PWY-5484",0.324435461767077,0.780969108252536,13,62,"glycolysis II (from fructose 6-phosphate)","BioCyc"
"124","ARA:PWY-2781",0.326209241758228,0.967957922375459,1,2,"cis-zeatin biosynthesis","BioCyc"
"125","ARA:PWY-6799",0.32718374459912,0.967745121050491,1,2,"fatty acid biosynthesis (plant mitochondria)","BioCyc"
"126","ARA:PWY-5113",0.329228278545139,0.967295862462874,1,2,"UDP-D-apiose biosynthesis (from UDP-D-glucuronate)","BioCyc"
"127","ARA:PWY-5064",0.329289051071718,0.967282450446044,1,2,"chlorophyll a biosynthesis II","BioCyc"
"128","ARA:PWY-6736",0.330088727869262,0.967105655066848,1,2,"sulfur volatiles biosynthesis","BioCyc"
"129","ARA:PWY-5271",0.331121814979024,0.966876393937775,1,2,"phaseic acid biosynthesis","BioCyc"
"130","ARA:PWY-7640",0.331121814979024,0.966876393937775,1,2,"neophaseic acid biosynthesis","BioCyc"
"131","ARA:PWY-7170",0.332476332873566,0.966574324531331,1,2,"phytochromobilin biosynthesis","BioCyc"
"132","ARA:PWY-116",0.333097596741901,0.966435215423707,1,2,"coniferin metabolism","BioCyc"
"133","ARA:PWY-5469",0.333104247959326,0.966433724214794,1,2,"sesamin biosynthesis","BioCyc"
"134","ARA:PWY-6624",0.333130559402598,0.966427824767882,1,2,"salicylate glucosides biosynthesis III","BioCyc"
"135","ARA:PWY-6762",0.333130559402598,0.966427824767882,1,2,"salicylate glucosides biosynthesis IV","BioCyc"
"136","ARA:PWY-7468",0.333130559402598,0.966427824767882,1,2,"benzoyl-&beta;-D-glucopyranose biosynthesis","BioCyc"
"137","ARA:PWY-7071",0.333154493915437,0.966422457715303,1,2,"steviol glucoside biosynthesis (rebaudioside A biosynthesis)","BioCyc"
"138","ARA:PWY-6424",0.33316324264593,0.966420495777091,1,2,"26,27-dehydrozymosterol metabolism","BioCyc"
"139","ARA:PWY-6295",0.333217061754776,0.966408425079705,1,2,"olivetol biosynthesis","BioCyc"
"140","ARA:PWY-84",0.333217061754776,0.966408425079705,1,2,"resveratrol biosynthesis","BioCyc"
"141","ARA:PWY-5350",0.333310487888596,0.966387464899769,1,2,"thiosulfate disproportionation IV (rhodanese)","BioCyc"
"142","ARA:PWY-5723",0.342604881514456,0.785407783190131,9,42,"Rubisco shunt","BioCyc"
"143","ARA:PANTO-PWY",0.343496594388201,0.897674698212401,2,7,"phosphopantothenate biosynthesis I","BioCyc"
"144","ARA:PWYQT-62",0.35141050203736,0.793744553503879,7,32,"superpathway of proto- and siroheme biosynthesis","BioCyc"
"145","ARA:PWY-2582",0.35461562826539,0.891854167214518,2,7,"brassinosteroid biosynthesis II","BioCyc"
"146","ARA:PWY-6475",0.354685756859956,0.855262542235764,3,12,"trans-lycopene biosynthesis II (plants)","BioCyc"
"147","ARA:ARGININE-SYN4-PWY",0.357967528544861,0.890067883434395,2,7,"L-ornithine biosynthesis II","BioCyc"
"148","ARA:GLYSYN2-PWY",0.360043644770349,0.827752280718115,4,17,"glycine biosynthesis","BioCyc"
"149","ARA:ALANINE-DEG3-PWY",0.361322237503512,0.888265335538007,2,7,"L-alanine degradation III","BioCyc"
"150","ARA:ALANINE-SYN2-PWY",0.361322237503512,0.888265335538007,2,7,"L-alanine biosynthesis II","BioCyc"
"151","ARA:PWY-401",0.362132302450397,0.887827852417548,2,7,"galactolipid biosynthesis I","BioCyc"
"152","ARA:PWY-6121",0.365754446516725,0.885861087016272,2,7,"5-aminoimidazole ribonucleotide biosynthesis I","BioCyc"
"153","ARA:PWY-6122",0.365754446516725,0.885861087016272,2,7,"5-aminoimidazole ribonucleotide biosynthesis II","BioCyc"
"154","ARA:PWY-5111",0.36658215969332,0.885409217494672,2,7,"CMP-KDO biosynthesis II (from D-arabinose 5-phosphate)","BioCyc"
"155","ARA:PWY-5079",0.371654740505624,0.882620116275088,2,7,"L-phenylalanine degradation III","BioCyc"
"156","ARA:PWY-6369",0.373964075055471,0.875312914677702,2,9,"inositol pyrophosphates biosynthesis","BioCyc"
"157","ARA:PWY-5188",0.3743641359334,0.842464392530739,3,12,"tetrapyrrole biosynthesis I (from glutamate)","BioCyc"
"158","ARA:PWY-6733",0.387520284053212,0.763843816874722,7,34,"sporopollenin precursors biosynthesis","BioCyc"
"159","ARA:PWY-6364",0.396127187326118,0.864935778386323,2,8,"D-myo-inositol (1,3,4)-trisphosphate biosynthesis","BioCyc"
"160","ARA:PWY-6367",0.407951994244165,0.817490410191601,3,13,"D-myo-inositol-5-phosphate metabolism","BioCyc"
"161","ARA:PENTOSE-P-PWY",0.414487981688162,0.741395595586881,7,34,"pentose phosphate pathway","BioCyc"
"162","ARA:PWY-2161B-PMN",0.4173208696743,0.851902192617821,2,8,"folate polyglutamylation II","BioCyc"
"163","ARA:PWY-4661",0.424242790142388,0.805736095253144,3,13,"1D-myo-inositol hexakisphosphate biosynthesis III (Spirodela polyrrhiza)","BioCyc"
"164","ARA:PWY-6922",0.427091844503961,0.845679597853144,2,8,"L-N&delta;-acetylornithine biosynthesis","BioCyc"
"165","ARA:PWY-5871",0.428650730449416,0.844674182051498,2,8,"ubiquinol-9 biosynthesis (eukaryotic)","BioCyc"
"166","ARA:PWY-6902",0.435679737603182,0.797278210476718,3,13,"chitin degradation II (Vibrio)","BioCyc"
"167","ARA:PWY-1269",0.436963339299189,0.839253626615924,2,8,"CMP-3-deoxy-D-manno-octulosonate biosynthesis","BioCyc"
"168","ARA:PWY-2",0.438985730996661,0.918758180762931,1,3,"putrescine degradation IV","BioCyc"
"169","ARA:PWY-5148",0.439570127635841,0.837533093157801,2,8,"acyl-CoA hydrolysis","BioCyc"
"170","ARA:PWY1F-353",0.439817017188121,0.918404882287639,1,3,"glycine betaine biosynthesis III (plants)","BioCyc"
"171","ARA:ARGASEDEG-PWY",0.441904895193268,0.917513128764154,1,3,"L-arginine degradation I (arginase pathway)","BioCyc"
"172","ARA:PWY-6890",0.44281869161504,0.917120850643196,1,3,"4-amino-2-methyl-5-diphosphomethylpyrimidine biosynthesis","BioCyc"
"173","ARA:PWY-4381",0.44341634652249,0.789601474169836,3,14,"fatty acid biosynthesis initiation I","BioCyc"
"174","ARA:PWY-4541",0.444639455916665,0.834158757593345,2,8,"lipid-dependent phytate biosynthesis I (via Ins(1,4,5)P3)","BioCyc"
"175","ARA:PWY-5272",0.446764248744916,0.832733178144153,2,8,"abscisic acid glucose ester metabolism","BioCyc"
"176","ARA:PWYQT-4433",0.44840137399044,0.91469784692819,1,3,"CA1P biosynthesis","BioCyc"
"177","ARA:PWY-6806",0.448852832318635,0.914499906669948,1,3,"carotenoid cleavage","BioCyc"
"178","ARA:PWY-3982",0.450776810664892,0.913652972359082,1,3,"uracil degradation I (reductive)","BioCyc"
"179","ARA:PWY-6845",0.451105394619087,0.913507782411194,1,3,"nitric oxide biosynthesis (plants)","BioCyc"
"180","ARA:PWY4FS-12",0.451463472525726,0.913349377851738,1,3,"VTC2 cycle","BioCyc"
"181","ARA:PWY4FS-13",0.451463472525726,0.913349377851738,1,3,"extended VTC2 cycle","BioCyc"
"182","ARA:GLYCOLYSIS",0.452846778285997,0.676945900538545,11,57,"glycolysis I (from glucose 6-phosphate)","BioCyc"
"183","ARA:PWY490-4",0.453940890347038,0.912248211005293,1,3,"L-asparagine biosynthesis III (tRNA-dependent)","BioCyc"
"184","ARA:PWY1F-823",0.454063574853325,0.912193442368572,1,3,"leucopelargonidin and leucocyanidin biosynthesis","BioCyc"
"185","ARA:PWY-6556",0.454369649502857,0.912056706986184,1,3,"pyrimidine ribonucleosides salvage II","BioCyc"
"186","ARA:PWY-5084",0.460450481121432,0.776425791386961,3,14,"2-oxoglutarate decarboxylation to succinyl-CoA","BioCyc"
"187","ARA:PWY-3561",0.463381889819792,0.743843031903028,4,21,"choline biosynthesis III","BioCyc"
"188","ARA:GLUCONEO-PWY",0.471380594478343,0.659570351089326,11,58,"gluconeogenesis I","BioCyc"
"189","ARA:PWY-321",0.475504111014908,0.698867748345175,6,31,"cutin biosynthesis","BioCyc"
"190","ARA:ARGSYNBSUB-PWY",0.476490750171774,0.763661636431197,3,14,"L-arginine biosynthesis II (acetyl cycle)","BioCyc"
"191","ARA:PWY-4562",0.478455530299375,0.762074012095399,3,14,"lipid-dependent phytate biosynthesis II (via Ins(1,3,4)P3)","BioCyc"
"192","ARA:PWY-4765",0.478455530299375,0.762074012095399,3,14,"superpathway of lipid-dependent phytate biosynthesis","BioCyc"
"193","ARA:PWY-6554",0.478455530299375,0.762074012095399,3,14,"1D-myo-inositol hexakisphosphate biosynthesis V (from Ins(1,3,4)P3)","BioCyc"
"194","ARA:PWY-6663",0.489850212950285,0.750992667341987,3,15,"plant sterol biosynthesis II","BioCyc"
"195","ARA:PWY-6348",0.489880312136479,0.701948080359724,5,25,"phosphate acquisition","BioCyc"
"196","ARA:PWY-6363",0.500146314837107,0.742380705447483,3,15,"D-myo-inositol (1,4,5)-trisphosphate degradation","BioCyc"
"197","ARA:PWY-1081",0.501439735955355,0.652811435825842,8,42,"homogalacturonan degradation","BioCyc"
"198","ARA:PWY0-541",0.503450730271419,0.876630730111622,1,4,"cyclopropane fatty acid (CFA) biosynthesis","BioCyc"
"199","ARA:PWY-882",0.503476894798863,0.688899479403156,5,26,"L-ascorbate biosynthesis I (L-galactose pathway)","BioCyc"
"200","ARA:ETOH-ACETYLCOA-ANA-PWY",0.504253841864031,0.787581514993408,2,9,"ethanol degradation I","BioCyc"
"201","ARA:PWY-6333",0.504253841864031,0.787581514993408,2,9,"acetaldehyde biosynthesis I","BioCyc"
"202","ARA:PWY-782",0.507652540617753,0.784947527023646,2,9,"glycolipid desaturation","BioCyc"
"203","ARA:GLUT-REDOX-PWY",0.510841269033169,0.87234575720029,1,4,"glutathione-glutaredoxin redox reactions","BioCyc"
"204","ARA:PWY-1042",0.514893387795542,0.624073079227422,10,54,"glycolysis IV (plant cytosol)","BioCyc"
"205","ARA:ARGSYN-PWY",0.526292973488105,0.719833835242566,3,15,"L-arginine biosynthesis I (via L-ornithine)","BioCyc"
"206","ARA:PWY-5661",0.531251198800319,0.71378632700201,3,16,"GDP-glucose biosynthesis","BioCyc"
"207","ARA:PWY-6606",0.53816978746944,0.707580940025534,3,16,"guanosine nucleotides degradation II","BioCyc"
"208","ARA:PWY-3041",0.542693599687424,0.852707901676455,1,4,"monoterpene biosynthesis","BioCyc"
"209","ARA:CITRULBIO-PWY",0.544334636100974,0.633065503811075,6,34,"L-citrulline biosynthesis","BioCyc"
"210","ARA:PWY-5997",0.545776331628979,0.85070267096907,1,4,"&alpha;-linolenate biosynthesis I (plants and red algae)","BioCyc"
"211","ARA:PWY-5886",0.54946098115162,0.848280828465837,1,4,"4-hydroxyphenylpyruvate biosynthesis","BioCyc"
"212","ARA:PWY-5765",0.551342109678254,0.847033786863214,1,4,"1,3,5-trimethoxybenzene biosynthesis","BioCyc"
"213","ARA:PWY-3261",0.551403171237367,0.846993186939376,1,4,"UDP-L-rhamnose biosynthesis","BioCyc"
"214","ARA:PWY-6164",0.551603178160483,0.846860148707441,1,4,"3-dehydroquinate biosynthesis I","BioCyc"
"215","ARA:PWY-6730",0.552947306688953,0.845963954508594,1,4,"methylhalides biosynthesis (plants)","BioCyc"
"216","ARA:PWY-6235",0.554722252815467,0.844774834100041,1,4,"hydroxyjasmonate sulfate biosynthesis","BioCyc"
"217","ARA:HOMOSER-THRESYN-PWY",0.554826069216344,0.844705081874282,1,4,"L-threonine biosynthesis","BioCyc"
"218","ARA:PWY-5530",0.554961797495274,0.844613855157213,1,4,"sorbitol biosynthesis II","BioCyc"
"219","ARA:PWY-6930",0.555330948284684,0.8443655464815,1,4,"phenolic malonylglucosides biosynthesis","BioCyc"
"220","ARA:PWY-6837",0.555352156927858,0.742419328863036,2,10,"fatty acid beta-oxidation V (unsaturated, odd number, di-isomerase-dependent)","BioCyc"
"221","ARA:PWY-6605",0.557127936652925,0.740876331543952,2,10,"adenine and adenosine salvage II","BioCyc"
"222","ARA:GLUTORN-PWY",0.565691253094777,0.733356212251757,2,10,"L-ornithine biosynthesis I","BioCyc"
"223","ARA:PWY4FS-7",0.575856003963762,0.672510187609794,3,16,"phosphatidylglycerol biosynthesis I (plastidic)","BioCyc"
"224","ARA:PWY-7416",0.581685636544126,0.634820136767524,4,22,"phospholipid remodeling (phosphatidylcholine, yeast)","BioCyc"
"225","ARA:PWY-5884",0.607002162410901,0.640191313496647,3,17,"wax esters biosynthesis I","BioCyc"
"226","ARA:TRESYN-PWY",0.611156010394518,0.602951127070131,4,24,"trehalose biosynthesis I","BioCyc"
"227","ARA:PWY-5669",0.612011285650827,0.792693938120963,1,5,"phosphatidylethanolamine biosynthesis I","BioCyc"
"228","ARA:PWY-5043",0.612930673871552,0.686225823243727,2,11,"purine nucleosides salvage II (plant)","BioCyc"
"229","ARA:ALACAT2-PWY",0.613743081937831,0.685426968456467,2,11,"L-alanine degradation II (to D-lactate)","BioCyc"
"230","ARA:PWY-6612",0.617874966962145,0.681343411927239,2,11,"superpathway of tetrahydrofolate biosynthesis","BioCyc"
"231","ARA:PWY66-423",0.620087103977896,0.785884324325664,1,5,"fructose 2,6-bisphosphate biosynthesis","BioCyc"
"232","ARA:PWY-3301",0.620721824878741,0.571624617738328,5,29,"sinapate ester biosynthesis","BioCyc"
"233","ARA:ASPARAGINE-BIOSYNTHESIS",0.620972529278349,0.785127662955454,1,5,"L-asparagine biosynthesis I","BioCyc"
"234","ARA:ASPARAGINESYN-PWY",0.620972529278349,0.785127662955454,1,5,"L-asparagine biosynthesis II","BioCyc"
"235","ARA:PWY0-1325",0.620972529278349,0.785127662955454,1,5,"superpathway of L-asparagine biosynthesis","BioCyc"
"236","ARA:PWY-7356",0.622483792514969,0.676747555869293,2,11,"thiamine salvage IV (yeast)","BioCyc"
"237","ARA:PWYQT-4449",0.626132527686039,0.620503478027604,3,17,"polyisoprenoid biosynthesis","BioCyc"
"238","ARA:GLYOXYLATE-BYPASS",0.626271179146085,0.618879472315269,3,18,"glyoxylate cycle","BioCyc"
"239","ARA:PWY4FS-11",0.627204155181454,0.779745129992443,1,5,"L-ascorbate biosynthesis II (L-gulose pathway)","BioCyc"
"240","ARA:PWY-6543",0.627224794370586,0.779727135460681,1,5,"4-aminobenzoate biosynthesis","BioCyc"
"241","ARA:PWYQT-4476",0.633273701613822,0.774405018128656,1,5,"indole glucosinolate activation (herbivore attack)","BioCyc"
"242","ARA:PWY-2161B",0.634515792844458,0.7733001574813,1,5,"glutamate removal from folates","BioCyc"
"243","ARA:PWY-1581",0.634864720094139,0.772989038590869,1,5,"plastoquinol-9 biosynthesis I","BioCyc"
"244","ARA:PWY-6012",0.63659520425089,0.771441233452538,1,5,"acyl carrier protein metabolism","BioCyc"
"245","ARA:PWY-6014",0.636789333127008,0.771267095156923,1,5,"vernolate biosynthesis I","BioCyc"
"246","ARA:PWY-6710",0.636789333127008,0.771267095156923,1,5,"poly-hydroxy fatty acids biosynthesis","BioCyc"
"247","ARA:PWY-5690",0.638620671309195,0.522536711866209,7,42,"TCA cycle II (plants and fungi)","BioCyc"
"248","ARA:PWY-7039",0.647733850172115,0.511854232167415,7,44,"phosphatidate metabolism, as a signaling molecule","BioCyc"
"249","ARA:OXIDATIVEPENT-PWY",0.65264998637372,0.59062485576037,3,18,"pentose phosphate pathway (oxidative branch) I","BioCyc"
"250","ARA:DETOX1-PWY",0.658774694142006,0.583884361450917,3,18,"superoxide radicals degradation","BioCyc"
"251","ARA:PWY-6137",0.659743820614959,0.742426885143851,1,6,"copper transport II","BioCyc"
"252","ARA:GLUTAMINDEG-PWY",0.671304379234583,0.536024146305684,4,26,"L-glutamine degradation I","BioCyc"
"253","ARA:PWY-7224",0.673978210338435,0.619414093970625,2,12,"purine deoxyribonucleosides salvage","BioCyc"
"254","ARA:PWY-5143",0.676278704438183,0.614420885272628,2,13,"long-chain fatty acid activation","BioCyc"
"255","ARA:PWY-6287",0.676286828688824,0.725751242817003,1,6,"neurosporene biosynthesis","BioCyc"
"256","ARA:PWY-621",0.677327561971236,0.5300071251384,4,25,"sucrose degradation III (sucrose invertase)","BioCyc"
"257","ARA:PWY-6124",0.689797681185544,0.711503203210569,1,6,"inosine-5'-phosphate biosynthesis II","BioCyc"
"258","ARA:PWY-4984",0.695790414226116,0.704994369852473,1,6,"urea cycle","BioCyc"
"259","ARA:PWY-7196",0.697088164527948,0.456021270015365,7,45,"superpathway of pyrimidine ribonucleosides salvage","BioCyc"
"260","ARA:PWY-5921",0.698812172616001,0.701667036637218,1,6,"glutaminyl-tRNAgln biosynthesis via transamidation","BioCyc"
"261","ARA:PWYDQC-4",0.699291610425457,0.701136287748717,1,6,"indole-3-acetate biosynthesis I","BioCyc"
"262","ARA:PWY-5142",0.700156982067696,0.700176329353377,1,6,"acyl-ACP thioesterase pathway","BioCyc"
"263","ARA:PWY-5366",0.700156982067696,0.700176329353377,1,6,"palmitoleate biosynthesis II (plants and bacteria)","BioCyc"
"264","ARA:PWY-6147",0.700988642937248,0.699251368417218,1,6,"6-hydroxymethyl-dihydropterin diphosphate biosynthesis I","BioCyc"
"265","ARA:PWY-7343",0.701170633588294,0.583473450078404,2,14,"UDP-glucose biosynthesis","BioCyc"
"266","ARA:PWY-4861",0.703055148984353,0.696942805161318,1,6,"UDP-D-galacturonate biosynthesis I (from UDP-D-glucuronate)","BioCyc"
"267","ARA:PWY-6756",0.703329865561,0.696634807341287,1,6,"S-methyl-5'-thioadenosine degradation II","BioCyc"
"268","ARA:PWY-3801",0.705881887945896,0.457646403918009,6,40,"sucrose degradation II (sucrose synthase)","BioCyc"
"269","ARA:PWY-5129",0.707417290440503,0.493990975738167,4,26,"sphingolipid biosynthesis (plants)","BioCyc"
"270","ARA:LEU-DEG2-PWY",0.708453360129924,0.492751065777447,4,26,"L-leucine degradation I","BioCyc"
"271","ARA:PWY-561",0.709547677003745,0.470044644878087,5,32,"superpathway of glyoxylate cycle and fatty acid degradation","BioCyc"
"272","ARA:PWY-5035",0.717349018428171,0.566001074296275,2,13,"gibberellin biosynthesis III (early C-13 hydroxylation)","BioCyc"
"273","ARA:PWYQT-4429",0.718002087919997,0.673674536826581,1,7,"CO2 fixation into oxaloacetate (anaplerotic)","BioCyc"
"274","ARA:PWY-5381",0.729167761522052,0.430300279867029,6,39,"pyridine nucleotide cycling (plants)","BioCyc"
"275","ARA:PWY-3385",0.743450680786021,0.530708348793927,2,14,"choline biosynthesis I","BioCyc"
"276","ARA:PWY-5410",0.745287291393045,0.639837043578968,1,7,"traumatin and (Z)-3-hexen-1-yl acetate biosynthesis","BioCyc"
"277","ARA:PWY-4302",0.746108954097822,0.35849846820181,13,82,"aerobic respiration III (alternative oxidase pathway)","BioCyc"
"278","ARA:GLNSYN-PWY",0.748874768685892,0.635168971553262,1,7,"L-glutamine biosynthesis I","BioCyc"
"279","ARA:PWY-2841",0.749323752415992,0.634580995691149,1,7,"cytokinins degradation","BioCyc"
"280","ARA:PWY-5686",0.751022053068256,0.632349334632056,1,7,"UMP biosynthesis I","BioCyc"
"281","ARA:PWY-5152",0.751836109848402,0.631275327985504,1,7,"leucodelphinidin biosynthesis","BioCyc"
"282","ARA:PWY-5267",0.75492864628675,0.627169696044807,1,7,"glucosinolate activation","BioCyc"
"283","ARA:PWY-1722",0.755622567416443,0.626242850601077,1,7,"formate assimilation into 5,10-methylenetetrahydrofolate","BioCyc"
"284","ARA:PWY-6613",0.756574947338185,0.624967424617852,1,7,"tetrahydrofolate salvage from 5,10-methenyltetrahydrofolate","BioCyc"
"285","ARA:PWY-5269",0.75758030662248,0.623616805179822,1,7,"cardiolipin biosynthesis II","BioCyc"
"286","ARA:PWYQT-4466",0.76019911429844,0.379337166200802,7,48,"superpathway of sucrose and starch metabolism I (non-photosynthetic tissue)","BioCyc"
"287","ARA:PWY-6964",0.771841432291837,0.5989037936437,1,8,"ammonia assimilation cycle II","BioCyc"
"288","ARA:PWY-4221ARA",0.775001836657341,0.486033728709836,2,15,"superpathway of pantothenate and coenzymeA biosynthesis","BioCyc"
"289","ARA:PWY-5083",0.776643345545691,0.335944619421096,10,66,"NAD/NADH phosphorylation and dephosphorylation","BioCyc"
"290","ARA:PWY-3742",0.787344475500889,0.389916605574377,4,29,"tetrahydrofolate biosynthesis II","BioCyc"
"291","ARA:PWY-5667",0.788388659337954,0.417735693034798,3,22,"CDP-diacylglycerol biosynthesis I","BioCyc"
"292","ARA:UDPNACETYLGALSYN-PWY",0.789095758720512,0.573704996471218,1,8,"UDP-N-acetyl-D-glucosamine biosynthesis II","BioCyc"
"293","ARA:PWY-5120",0.790727597660694,0.463510156312238,2,15,"geranylgeranyl diphosphate biosynthesis","BioCyc"
"294","ARA:PWY-6787",0.793186808552138,0.410981042078991,3,22,"flavonoid biosynthesis (in equisetum)","BioCyc"
"295","ARA:PWY3O-450",0.794541291769841,0.565446621233136,1,8,"phosphatidylcholine biosynthesis I","BioCyc"
"296","ARA:PWY-7450",0.794738145898957,0.408783182406347,3,22,"anthocyanidin modification (Arabidopsis)","BioCyc"
"297","ARA:PWY-3841",0.798351959747519,0.355293974367767,5,36,"folate transformations II","BioCyc"
"298","ARA:PWYQT-4482",0.799594391802875,0.557645659622412,1,8,"CDP-diacylglycerol biosynthesis IV","BioCyc"
"299","ARA:PWY0-662",0.79995690957661,0.557080806199396,1,8,"PRPP biosynthesis I","BioCyc"
"300","ARA:PWY-7047",0.800995873865371,0.555458051479029,1,8,"malate-oxaloacetate shuttle I","BioCyc"
"301","ARA:PWY-7208",0.80374025995411,0.347526648538561,5,37,"superpathway of pyrimidine nucleobases salvage","BioCyc"
"302","ARA:ILEUDEG-PWY",0.809330518718478,0.434035028306846,2,16,"L-isoleucine degradation I","BioCyc"
"303","ARA:MANNOSYL-CHITO-DOLICHOL-BIOSYNTHESIS",0.81262299081624,0.381994417202614,3,23,"protein N-glycosylation (eukaryotic, high mannose)","BioCyc"
"304","ARA:PWY-4821",0.813954587064644,0.426925914403115,2,16,"UDP-D-xylose biosynthesis","BioCyc"
"305","ARA:PWY-7221",0.818140285933365,0.420418174009649,2,16,"guanosine ribonucleotides de novo biosynthesis","BioCyc"
"306","ARA:PWY-2821",0.819595014569769,0.418139978561982,2,16,"glucosinolate biosynthesis from phenylalanine","BioCyc"
"307","ARA:PWY4FS-8",0.820106756133236,0.343409649098266,4,30,"phosphatidylglycerol biosynthesis II (non-plastidic)","BioCyc"
"308","ARA:PWY-6963",0.820797421544101,0.515849803024232,1,10,"ammonia assimilation cycle I","BioCyc"
"309","ARA:PWY-5992",0.823353510131015,0.320283552479936,5,37,"thalianol and derivatives biosynthesis","BioCyc"
"310","ARA:PWY-6773",0.828512552564461,0.490609400826918,1,17,"1,3-&beta;-D-glucan biosynthesis","BioCyc"
"311","ARA:PWYQT-4481",0.833215777966621,0.29280247183923,6,45,"TCA cycle variation V (plant)","BioCyc"
"312","ARA:PWY-6549",0.834742491988992,0.320449201168362,4,33,"L-glutamine biosynthesis III","BioCyc"
"313","ARA:PWY-6118",0.835036588359221,0.494568713771378,1,9,"glycerol-3-phosphate shuttle","BioCyc"
"314","ARA:SULFMETII-PWY",0.835226910625381,0.494231135347133,1,9,"sulfate reduction II (assimilatory)","BioCyc"
"315","ARA:PWY-2021",0.835525497187429,0.493701044499125,1,9,"indole-3-acetate degradation IV","BioCyc"
"316","ARA:PWY-5788",0.835525497187429,0.493701044499125,1,9,"indole-3-acetate degradation V","BioCyc"
"317","ARA:PWY-6219",0.835525497187429,0.493701044499125,1,9,"indole-3-acetyl-amide conjugate biosynthesis","BioCyc"
"318","ARA:PWY-2902",0.836663348756441,0.491675563033207,1,9,"cytokinin-O-glucosides biosynthesis","BioCyc"
"319","ARA:PWY-6546",0.837368081201503,0.490416750855823,1,9,"brassinosteroids inactivation","BioCyc"
"320","ARA:PWY-6908",0.837950735245739,0.489373487432676,1,9,"thiamine diphosphate biosynthesis IV (eukaryotes)","BioCyc"
"321","ARA:PWY-6754",0.837981335977165,0.489318632693133,1,9,"S-methyl-5'-thioadenosine degradation I","BioCyc"
"322","ARA:PWY-5070",0.838619066201597,0.48817400504745,1,9,"gibberellin biosynthesis I (non C-3, non C-13 hydroxylation)","BioCyc"
"323","ARA:DETOX1-PWY-1",0.83880499135706,0.341506705766467,3,24,"reactive oxygen species degradation","BioCyc"
"324","ARA:PWY-6792",0.838839593304682,0.487777554205448,1,9,"scopoletin biosynthesis","BioCyc"
"325","ARA:PWY-3781",0.840178875550838,0.235868870564143,15,101,"aerobic respiration I (cytochrome c)","BioCyc"
"326","ARA:HISTSYN-PWY",0.840673388570542,0.382654615361569,2,17,"L-histidine biosynthesis","BioCyc"
"327","ARA:PWY-7560",0.852001789632049,0.36226859666015,2,18,"methylerythritol phosphate pathway II","BioCyc"
"328","ARA:PWY-581",0.856328222682641,0.312892064842699,3,25,"indole-3-acetate biosynthesis II","BioCyc"
"329","ARA:PWY-695",0.858482526073477,0.447634171887878,1,10,"abscisic acid biosynthesis","BioCyc"
"330","ARA:PWY4FS-5",0.858806564235718,0.350503092754797,2,18,"superpathway of phosphatidylcholine biosynthesis","BioCyc"
"331","ARA:CYSTSYN-PWY",0.860196870416964,0.30658502232905,3,25,"L-cysteine biosynthesis I","BioCyc"
"332","ARA:PWY4FS-3",0.860254902955048,0.444177266805864,1,10,"phosphatidylcholine biosynthesis III","BioCyc"
"333","ARA:PWY4FS-4",0.860254902955048,0.444177266805864,1,10,"phosphatidylcholine biosynthesis IV","BioCyc"
"334","ARA:PWY-4041",0.86052590027111,0.443646538309745,1,10,"&gamma;-glutamyl cycle","BioCyc"
"335","ARA:PWY-5138",0.860566301604301,0.443567365764079,1,10,"unsaturated, even numbered fatty acid &beta;-oxidation","BioCyc"
"336","ARA:PWY-381",0.86066551085588,0.443372895640602,1,10,"nitrate reduction II (assimilatory)","BioCyc"
"337","ARA:PWYQT-4450",0.860817052669869,0.443075693429541,1,10,"aliphatic glucosinolate biosynthesis, side chain elongation cycle","BioCyc"
"338","ARA:PWY4FS-6",0.861575430293201,0.441585645006799,1,10,"phosphatidylethanolamine biosynthesis II","BioCyc"
"339","ARA:PWY-6936",0.865716430542937,0.433368231578531,1,10,"seleno-amino acid biosynthesis","BioCyc"
"340","ARA:PWY-5859",0.868235906737789,0.428300016741451,1,10,"eugenol and isoeugenol biosynthesis","BioCyc"
"341","ARA:PWY-6803",0.868624185600197,0.232235719174097,7,54,"phosphatidylcholine acyl editing","BioCyc"
"342","ARA:PWY-4321",0.876328519595994,0.408851677110687,1,11,"L-glutamate degradation IV","BioCyc"
"343","ARA:PWY-6842",0.878149565515061,0.206156361824789,9,66,"glutathione-mediated detoxification II","BioCyc"
"344","ARA:PWY-361",0.880003212295206,0.223936922366864,6,47,"phenylpropanoid biosynthesis","BioCyc"
"345","ARA:PWYQT-4471",0.882396965342342,0.220279847711095,6,47,"glucosinolate biosynthesis from dihomomethionine","BioCyc"
"346","ARA:PWY-7226",0.889701036922145,0.380036234220395,1,11,"guanosine deoxyribonucleotides de novo biosynthesis I","BioCyc"
"347","ARA:PWY-7227",0.889701036922145,0.380036234220395,1,11,"adenosine deoxyribonucleotides de novo biosynthesis","BioCyc"
"348","ARA:PWY-841",0.889701036922145,0.380036234220395,1,11,"superpathway of purine nucleotides de novo biosynthesis I","BioCyc"
"349","ARA:PWY0A-6303",0.890967359233968,0.377217512224988,1,11,"methyl indole-3-acetate interconversion","BioCyc"
"350","ARA:PWY1F-FLAVSYN",0.891123801147786,0.252619695028948,3,27,"flavonoid biosynthesis","BioCyc"
"351","ARA:PWY-7185",0.900302704216581,0.235097914165094,3,29,"UTP and CTP dephosphorylation I","BioCyc"
"352","ARA:PWY-601",0.908966339040643,0.219587621543514,3,28,"glucosinolate biosynthesis from tryptophan","BioCyc"
"353","ARA:PWY-5121",0.911133293613699,0.19613797997214,4,36,"superpathway of geranylgeranyl diphosphate biosynthesis II (via MEP)","BioCyc"
"354","ARA:PWY-6040",0.91130231568921,0.327281801077294,1,12,"chlorogenic acid biosynthesis II","BioCyc"
"355","ARA:PWY-1061",0.913308340417104,0.210941684189221,3,29,"homogalacturonan biosynthesis","BioCyc"
"356","ARA:PWY-7036",0.916389515088883,0.205069046109564,3,29,"very long chain fatty acid biosynthesis II","BioCyc"
"357","ARA:PWY-5800",0.921176706013382,0.300463798749965,1,13,"xylan biosynthesis","BioCyc"
"358","ARA:PWY-6982",0.924729339674455,0.291166527012273,1,13,"umbelliferone biosynthesis","BioCyc"
"359","ARA:PWY-5080",0.925425962005845,0.170040062652344,4,37,"very long chain fatty acid biosynthesis I","BioCyc"
"360","ARA:MALATE-ASPARTATE-SHUTTLE-PWY",0.926491818649045,0.214772912574985,2,22,"L-aspartate degradation II","BioCyc"
"361","ARA:PWY-5123",0.926953255405036,0.21375542395339,2,22,"trans, trans-farnesyl diphosphate biosynthesis","BioCyc"
"362","ARA:PWY-7187",0.927948679124186,0.211553462115404,2,22,"pyrimidine deoxyribonucleotides de novo biosynthesis II","BioCyc"
"363","ARA:PWY-2161",0.931119881994868,0.272413636356334,1,14,"folate polyglutamylation","BioCyc"
"364","ARA:PWY4FS-2",0.935713896165459,0.259652630339208,1,14,"phosphatidylcholine biosynthesis II","BioCyc"
"365","ARA:PWY-4081",0.935718237224381,0.259640400408352,1,14,"glutathione-peroxide redox reactions","BioCyc"
"366","ARA:ASPARTATE-DEG1-PWY",0.936539360333948,0.257321075197054,1,14,"L-aspartate degradation I","BioCyc"
"367","ARA:ASPARTATESYN-PWY",0.936539360333948,0.257321075197054,1,14,"L-aspartate biosynthesis","BioCyc"
"368","ARA:PWY-6351",0.936753754274179,0.137458932380724,5,50,"D-myo-inositol (1,4,5)-trisphosphate biosynthesis","BioCyc"
"369","ARA:PWY-2681",0.938624055928122,0.251378172773285,1,14,"trans-zeatin biosynthesis","BioCyc"
"370","ARA:TYRFUMCAT-PWY",0.940057620478798,0.247244928708749,1,14,"L-tyrosine degradation I","BioCyc"
"371","ARA:PWY-1782",0.940082948717105,0.247171554414714,1,14,"superpathway of indole-3-acetate conjugate biosynthesis","BioCyc"
"372","ARA:PWYQT-4477",0.940934578382838,0.24469730485094,1,14,"indole glucosinolate activation (intact plant cell)","BioCyc"
"373","ARA:PWY-7205",0.941426942023988,0.243260462861428,1,14,"CMP phosphorylation","BioCyc"
"374","ARA:PWY-7197",0.941455877601903,0.243175875041259,1,14,"pyrimidine deoxyribonucleotide phosphorylation","BioCyc"
"375","ARA:PWY-5320",0.941534850669925,0.242944928806248,1,14,"kaempferol glycoside biosynthesis (Arabidopsis)","BioCyc"
"376","ARA:LEUSYN-PWY",0.944086094426908,0.173297611715302,2,24,"L-leucine biosynthesis","BioCyc"
"377","ARA:ASPASN-ARA-PWY",0.945744394792857,0.169320158600714,2,24,"superpathway of aspartate and asparagine biosynthesis","BioCyc"
"378","ARA:PWY-5934",0.946980265418973,0.225470912448727,1,15,"iron reduction and absorption","BioCyc"
"379","ARA:PWY-6443",0.947066456778362,0.118867006438219,5,47,"benzoate biosynthesis I (CoA-dependent, &beta;-oxidative)","BioCyc"
"380","ARA:PWY-6952",0.948110289322155,0.222032358087694,1,15,"glycerophosphodiester degradation","BioCyc"
"381","ARA:PWY-4361",0.948639625326005,0.220412025083875,1,15,"S-methyl-5-thio-&alpha;-D-ribose 1-phosphate degradation","BioCyc"
"382","ARA:PWYQT-4472",0.948910316502719,0.161627514261718,2,24,"glucosinolate biosynthesis from trihomomethionine","BioCyc"
"383","ARA:PWYQT-4473",0.948910316502719,0.161627514261718,2,24,"glucosinolate biosynthesis from tetrahomomethionine","BioCyc"
"384","ARA:PWYQT-4474",0.948910316502719,0.161627514261718,2,24,"glucosinolate biosynthesis from pentahomomethionine","BioCyc"
"385","ARA:PWY-7186",0.949743039662169,0.217014300584665,1,15,"superpathway of scopolin and esculin biosynthesis","BioCyc"
"386","ARA:PWY0-166",0.955480590104084,0.144779670116512,2,25,"superpathway of pyrimidine deoxyribonucleotides de novo biosynthesis (E. coli)","BioCyc"
"387","ARA:PWY0-162",0.955851043752249,0.121998023136381,3,34,"superpathway of pyrimidine ribonucleotides de novo biosynthesis","BioCyc"
"388","ARA:NONMEVIPP-PWY",0.956285229724284,0.195256180525812,1,16,"methylerythritol phosphate pathway I","BioCyc"
"389","ARA:CAMALEXIN-SYN",0.957451602446013,0.139736727148869,2,25,"camalexin biosynthesis","BioCyc"
"390","ARA:PWY-5659",0.961723856335984,0.17635089118756,1,17,"GDP-mannose biosynthesis","BioCyc"
"391","ARA:PWY-6545",0.962037806334325,0.127379628640764,2,26,"pyrimidine deoxyribonucleotides de novo biosynthesis III","BioCyc"
"392","ARA:PWY-7176",0.964962561694526,0.11922150176032,2,27,"UTP and CTP de novo biosynthesis","BioCyc"
"393","ARA:PWY-1121",0.966083201456479,0.0878085593214436,4,44,"suberin monomers biosynthesis","BioCyc"
"394","ARA:PWY-6352",0.967371462465689,0.0777199364760252,5,62,"3-phosphoinositide biosynthesis","BioCyc"
"395","ARA:PWY-5122",0.967794265596527,0.15519090596482,1,17,"geranyl diphosphate biosynthesis","BioCyc"
"396","ARA:THRESYN-PWY",0.973678133664332,0.0943585609696378,2,29,"superpathway of L-threonine biosynthesis","BioCyc"
"397","ARA:PWY-1187",0.974201989587632,0.0930842315154488,2,28,"glucosinolate biosynthesis from homomethionine","BioCyc"
"398","ARA:PWYQT-4475",0.978116900494777,0.081267792654614,2,29,"glucosinolate biosynthesis from hexahomomethionine","BioCyc"
"399","ARA:PWY-7398",0.978564948826495,0.113031171470588,1,19,"coumarins biosynthesis (engineered)","BioCyc"
"400","ARA:PWY-5097",0.979029683261319,0.110676887916103,1,20,"L-lysine biosynthesis VI","BioCyc"
"401","ARA:PWY-702",0.979686933395248,0.107998303934744,1,20,"L-methionine biosynthesis II","BioCyc"
"402","ARA:PWY-6039",0.982331344377501,0.0969626560161959,1,20,"chlorogenic acid biosynthesis I","BioCyc"
"403","ARA:PWY-735",0.983957405199068,0.0895782532118152,1,21,"jasmonic acid biosynthesis","BioCyc"
"404","ARA:PWY-6823",0.984446281629994,0.0874388486651214,1,21,"molybdenum cofactor biosynthesis","BioCyc"
"405","ARA:TRPSYN-PWY",0.985196394625118,0.0841211356589426,1,21,"L-tryptophan biosynthesis","BioCyc"
"406","ARA:PWY-7184",0.988393501658037,0.0477645847316971,2,33,"pyrimidine deoxyribonucleotides de novo biosynthesis I","BioCyc"
"407","ARA:BRANCHED-CHAIN-AA-SYN-PWY",0.989120418461701,0.0451541263761357,2,34,"superpathway of branched chain amino acid biosynthesis","BioCyc"
"408","ARA:PWY-5687",0.99095734580973,0.0385938278934646,2,35,"pyrimidine ribonucleotides interconversion","BioCyc"
"409","ARA:PWY-7270",0.992261738654916,0.0338550182436351,2,35,"L-methionine salvage cycle II (plants)","BioCyc"
"410","ARA:PWY-3001",0.994169609340845,0.026468770559441,2,38,"superpathway of L-isoleucine biosynthesis I","BioCyc"
"411","ARA:TRIGLSYN-PWY",0.994171975628455,0.018948582742759,4,56,"diacylglycerol and triacylglycerol biosynthesis","BioCyc"
"412","ARA:PWY-7200",0.994723930575099,0.036077844885318,1,26,"superpathway of pyrimidine deoxyribonucleoside salvage","BioCyc"
"413","ARA:PWY-5868",0.995604132587777,0.0309468905697625,1,27,"simple coumarins biosynthesis","BioCyc"
"414","ARA:PWY-7528",0.995796973578045,0.029822040349051,1,27,"L-methionine salvage cycle I (bacteria and plants)","BioCyc"
"415","ARA:PWY-7211",0.996199171550743,0.0129446226317839,4,59,"superpathway of pyrimidine deoxyribonucleotides de novo biosynthesis","BioCyc"
"416","ARA:PWY-5980",0.996367356674478,0.0263445031447115,1,28,"xylogalacturonan biosynthesis","BioCyc"
"417","ARA:LIPAS-PWY",0.996743724239128,0.00888093676821749,7,85,"triacylglycerol degradation","BioCyc"
"418","ARA:PWY-724",0.998019181077605,0.0103288215840361,2,44,"superpathway of L-lysine, L-threonine and L-methionine biosynthesis II","BioCyc"
"419","ARA:COMPLETE-ARO-ARA-PWY",0.999285673195448,0.00648377017821577,1,36,"superpathway of phenylalanine, tyrosine and tryptophan biosynthesis","BioCyc"
"420","ARA:PWY-5342",0.999999999991814,0.828086233605553,0,1,"ajugose biosynthesis I (galactinol-dependent)","BioCyc"
"421","ARA:PWY-3221",0.999999999992966,0.816724501005184,0,1,"dTDP-L-rhamnose biosynthesis II","BioCyc"
"422","ARA:PWY-6909",0.999999999992994,0.816677697195797,0,1,"thiazole biosynthesis III (eukaryotes)","BioCyc"
"423","ARA:PWY-5481",0.999999999994522,0.816620990326095,0,1,"pyruvate fermentation to lactate","BioCyc"
"424","ARA:KDOSYN-PWY",0.999999999994707,0.818417396575047,0,1,"Kdo transfer to lipid IVA I","BioCyc"
"425","ARA:LCYSDEG-PWY",0.999999999994895,0.816762688763584,0,1,"L-cysteine degradation II","BioCyc"
"426","ARA:PWY-6132",0.999999999995603,0.845053755519059,0,1,"lanosterol biosynthesis","BioCyc"
"427","ARA:PWY-7325",0.999999999995961,0.817121218027039,0,1,"salvigenin biosynthesis","BioCyc"
"428","ARA:PWY-5943",0.999999999996046,0.816757920528316,0,1,"&beta;-carotene biosynthesis","BioCyc"
"429","ARA:PWY-5168",0.999999999996265,0.450353011579336,0,4,"ferulate and sinapate biosynthesis","BioCyc"
"430","ARA:PWY-82",0.999999999996279,0.719249043064315,0,2,"UDP-L-arabinose biosynthesis II (from L-arabinose)","BioCyc"
"431","ARA:PWY-6239",0.999999999996452,0.816997824528243,0,1,"luteolin glycosides biosynthesis","BioCyc"
"432","ARA:PWYQT-4432",0.999999999996754,0.367025351025088,0,5,"glutathione degradation","BioCyc"
"433","ARA:PWY-6406",0.999999999996895,0.826820869519731,0,1,"salicylate biosynthesis I","BioCyc"
"434","ARA:GLUTSYNIII-PWY",0.999999999996946,0.379354040027332,0,5,"L-glutamate biosynthesis III","BioCyc"
"435","ARA:PWY-5389",0.999999999997238,0.816655869219858,0,1,"3-methylthiopropanoate biosynthesis","BioCyc"
"436","ARA:PLPSAL-PWY",0.999999999997247,0.381078994709267,0,5,"pyridoxal 5'-phosphate salvage I","BioCyc"
"437","ARA:PWY-5086",0.999999999997305,0.82088969968638,0,1,"chlorophyll a biosynthesis I","BioCyc"
"438","ARA:PWY-5060",0.999999999997387,0.4459835930419,0,4,"luteolin biosynthesis","BioCyc"
"439","ARA:PWY-5194",0.999999999997474,0.366667477808852,0,5,"siroheme biosynthesis","BioCyc"
"440","ARA:PWY-5704",0.99999999999748,0.837767688898586,0,1,"urea degradation II","BioCyc"
"441","ARA:PWY-7061",0.999999999997586,0.509263480221886,0,4,"glutamate-glutamine shuttle","BioCyc"
"442","ARA:PWY-2181",0.999999999997629,0.364278964776573,0,5,"free phenylpropanoid acid biosynthesis","BioCyc"
"443","ARA:PWY-7250",0.999999999997789,0.667130594016697,0,2,"[2Fe-2S] iron-sulfur cluster biosynthesis","BioCyc"
"444","ARA:PWY-7120",0.999999999998,0.364929730814167,0,5,"esterified suberin biosynthesis","BioCyc"
"445","ARA:PWY-6019",0.999999999998008,0.447697843183535,0,4,"pseudouridine degradation","BioCyc"
"446","ARA:PWY-5107",0.999999999998013,0.816950001663683,0,1,"phytol salvage pathway","BioCyc"
"447","ARA:PWY-6599",0.999999999998059,0.816560384284506,0,1,"guanine and guanosine salvage II","BioCyc"
"448","ARA:PWY-6931",0.999999999998069,0.865692030089754,0,1,"seleno-amino acid detoxification and volatilization I","BioCyc"
"449","ARA:PWY-5027",0.999999999998092,0.444680105398218,0,4,"phylloquinol biosynthesis","BioCyc"
"450","ARA:PWY-6804",0.999999999998275,0.45327320900097,0,4,"diacylglycerol biosynthesis (PUFA enrichment in oilseed)","BioCyc"
"451","ARA:PWY-5068",0.99999999999844,0.457896841433342,0,4,"chlorophyll cycle","BioCyc"
"452","ARA:ASPARAGINE-DEG1-PWY",0.999999999998449,0.363341159630985,0,5,"L-asparagine degradation I","BioCyc"
"453","ARA:GLUTATHIONESYN-PWY",0.999999999998456,0.683462265974882,0,2,"glutathione biosynthesis","BioCyc"
"454","ARA:PHOSLIPSYN2-PWY",0.999999999998523,0.256325033777681,0,7,"superpathway of phospholipid biosynthesis II (plants)","BioCyc"
"455","ARA:PWY-5032",0.999999999998563,0.831109936034612,0,1,"ent-kaurene biosynthesis I","BioCyc"
"456","ARA:PWY-6707",0.999999999998574,0.82393354678913,0,1,"gallate biosynthesis","BioCyc"
"457","ARA:PWY0-1507",0.999999999998629,0.204370925319917,0,8,"biotin biosynthesis from 8-amino-7-oxononanoate I","BioCyc"
"458","ARA:PWY-43",0.999999999998725,0.367214820183522,0,5,"putrescine biosynthesis II","BioCyc"
"459","ARA:PWY-7346",0.99999999999874,0.364502483277891,0,5,"UDP-&alpha;-D-glucuronate biosynthesis (from UDP-glucose)","BioCyc"
"460","ARA:PWY-3941",0.999999999998741,0.366964848887617,0,5,"&beta;-alanine biosynthesis II","BioCyc"
"461","ARA:PWY-5176",0.999999999998883,0.823729676344762,0,1,"coumarin biosynthesis (via 2-coumarate)","BioCyc"
"462","ARA:PWY-6619",0.999999999998892,0.674660085172645,0,2,"adenine and adenosine salvage VI","BioCyc"
"463","ARA:PWY-5340",0.999999999998909,0.198263259217906,0,8,"sulfate activation for sulfonation","BioCyc"
"464","ARA:PWY-5203",0.999999999998955,0.255602377935196,0,7,"soybean saponin I biosynthesis","BioCyc"
"465","ARA:PWY-5049",0.999999999998991,0.816636608585174,0,1,"rosmarinic acid biosynthesis II","BioCyc"
"466","ARA:GLUTAMATE-DEG1-PWY",0.999999999999011,0.446497791848815,0,4,"L-glutamate degradation I","BioCyc"
"467","ARA:GLUTAMATE-SYN2-PWY",0.999999999999011,0.446497791848815,0,4,"L-glutamate biosynthesis II","BioCyc"
"468","ARA:PWY-5986",0.999999999999057,0.667134153245197,0,2,"ammonium transport","BioCyc"
"469","ARA:PWY-7101",0.999999999999149,0.547652777541772,0,3,"5-deoxystrigol biosynthesis","BioCyc"
"470","ARA:PWY-6577",0.999999999999214,0.550976375784289,0,3,"farnesylcysteine salvage pathway","BioCyc"
"471","ARA:PWY-6745",0.999999999999245,0.246361140876731,0,7,"phytochelatins biosynthesis","BioCyc"
"472","ARA:PWY-5125",0.9999999999993,0.198327296468716,0,8,"anthocyanin biosynthesis","BioCyc"
"473","ARA:PWY-6910",0.999999999999315,0.818316774266562,0,1,"hydroxymethylpyrimidine salvage","BioCyc"
"474","ARA:PWY-7213",0.999999999999393,0.247816057534232,0,7,"wogonin metabolism","BioCyc"
"475","ARA:PWY-6483",0.999999999999394,0.212126002353041,0,8,"ceramide degradation","BioCyc"
"476","ARA:PWY-1186",0.999999999999397,0.252260190113046,0,7,"L-homomethionine biosynthesis","BioCyc"
"477","ARA:PWY-701",0.999999999999418,0.816749340651105,0,1,"L-methionine degradation II","BioCyc"
"478","ARA:PWY-6303",0.999999999999431,0.45017081984,0,4,"methyl indole-3-acetate interconversion","BioCyc"
"479","ARA:PWY-6442",0.999999999999463,0.444567382491705,0,4,"spermidine hydroxycinnamic acid conjugates biosynthesis","BioCyc"
"480","ARA:PWY-6007",0.999999999999475,0.729866297972168,0,2,"arabidiol biosynthesis","BioCyc"
"481","ARA:CITRULLINE-DEG-PWY",0.999999999999508,0.816935468848199,0,1,"L-citrulline degradation","BioCyc"
"482","ARA:PWY0-1264",0.99999999999951,0.380017944122994,0,6,"biotin-carboxyl carrier protein assembly","BioCyc"
"483","ARA:PWY-6196",0.999999999999533,0.66701868401739,0,2,"D-serine metabolism","BioCyc"
"484","ARA:PWY0-1535",0.999999999999533,0.66701868401739,0,2,"D-serine degradation","BioCyc"
"485","ARA:PWY1F-467",0.999999999999586,0.45715529793914,0,4,"phenylpropanoid biosynthesis, initial reactions","BioCyc"
"486","ARA:PWY-641",0.999999999999594,0.446456225576394,0,4,"proanthocyanidins biosynthesis from flavanols","BioCyc"
"487","ARA:SAM-PWY",0.999999999999638,0.242568615354262,0,7,"S-adenosyl-L-methionine biosynthesis","BioCyc"
"488","ARA:PWY0-461",0.999999999999653,0.364163738075861,0,5,"L-lysine degradation I","BioCyc"
"489","ARA:PWY-5115",0.999999999999658,0.67036028317566,0,2,"GDP-L-galactose biosynthesis","BioCyc"
"490","ARA:PWY-6502",0.999999999999684,0.816498681321806,0,1,"oxidized GTP and dGTP detoxification","BioCyc"
"491","ARA:PWY-2881",0.999999999999703,0.198005364111359,0,8,"cytokinins 7-N-glucoside biosynthesis","BioCyc"
"492","ARA:PWY-2901",0.999999999999703,0.198005364111359,0,8,"cytokinins 9-N-glucoside biosynthesis","BioCyc"
"493","ARA:PWY-112",0.999999999999716,0.676712897429476,0,2,"lupeol biosynthesis","BioCyc"
"494","ARA:PWY-5377",0.999999999999716,0.676712897429476,0,2,"&alpha;-amyrin biosynthesis","BioCyc"
"495","ARA:GLUGLNSYN-PWY",0.999999999999729,0.714194600401828,0,3,"L-glutamate biosynthesis IV","BioCyc"
"496","ARA:PWY-6232",0.99999999999974,0.816671189728509,0,1,"chrysoeriol biosynthesis","BioCyc"
"497","ARA:HOMOCYSDEGR-PWY",0.999999999999745,0.817455383849313,0,1,"L-cysteine biosynthesis III (from L-homocysteine)","BioCyc"
"498","ARA:PWYQT-4470",0.999999999999821,0.571192990796405,0,3,"&gamma;-glutamyl cycle (plant pathway)","BioCyc"
"499","ARA:PWY3DJ-35471",0.99999999999991,0.447459418719835,0,4,"L-ascorbate biosynthesis IV","BioCyc"
"500","ARA:PWY-6457",0.999999999999911,0.203179239395711,0,8,"trans-cinnamoyl-CoA biosynthesis","BioCyc"
"501","ARA:PWY-7625",0.999999999999967,0.380171150390846,0,5,"phosphatidylinositol biosynthesis II (eukaryotes)","BioCyc"
"502","ARA:ARGSPECAT-PWY",1,0.162864803977091,0,9,"spermine biosynthesis","BioCyc"
"503","ARA:ASPSYNII-PWY",1,0.162575437925711,0,9,"cyanide detoxification I","BioCyc"
"504","ARA:BSUBPOLYAMSYN-PWY",1,0.108707307203771,0,11,"spermidine biosynthesis I","BioCyc"
"505","ARA:ETHYL-PWY",1,0.0052142979416133,0,26,"ethylene biosynthesis I (plants)","BioCyc"
"506","ARA:GLYSYN-PWY",1,0.141761881358484,0,10,"glycine biosynthesis I","BioCyc"
"507","ARA:HOMOSERSYN-PWY",1,0.13100629665434,0,11,"L-homoserine biosynthesis","BioCyc"
"508","ARA:ILE-VAL-PWY",1,0.0571201817923992,0,15,"superpathway of isoleucine and valine biosynthesis","BioCyc"
"509","ARA:ILEUSYN-PWY",1,0.177324643915201,0,9,"L-isoleucine biosynthesis I (from threonine)","BioCyc"
"510","ARA:METHIONINE-DEG1-PWY",1,0.161830322493682,0,9,"L-methionine degradation I (to L-homocysteine)","BioCyc"
"511","ARA:NAGLIPASYN-PWY",1,0.108655783331283,0,11,"lipid IVA biosynthesis","BioCyc"
"512","ARA:P401-PWY",1,0.162575437925711,0,9,"cyanide degradation","BioCyc"
"513","ARA:PWY-3101",1,0.10779247445147,0,11,"flavonol biosynthesis","BioCyc"
"514","ARA:PWY-3462",1,0.0739812682006776,0,13,"L-phenylalanine biosynthesis II","BioCyc"
"515","ARA:PWY-3481",1,0.0492916441956838,0,15,"superpathway of L-phenylalanine and L-tyrosine biosynthesis","BioCyc"
"516","ARA:PWY-5041",1,0.0447506723850034,0,16,"S-adenosyl-L-methionine cycle II","BioCyc"
"517","ARA:PWY-5337",1,0.0937446262051278,0,12,"stachyose biosynthesis","BioCyc"
"518","ARA:PWY-5391",1,0.161911813950677,0,9,"syringetin biosynthesis","BioCyc"
"519","ARA:PWY-5963",1,0.125235665553124,0,11,"thio-molybdenum cofactor biosynthesis","BioCyc"
"520","ARA:PWY-6163",1,0.165334735467119,0,9,"chorismate biosynthesis from 3-dehydroquinate","BioCyc"
"521","ARA:PWY-6441",1,0.14543488726496,0,10,"spermine and spermidine degradation III","BioCyc"
"522","ARA:PWY-6614",1,0.168194720610268,0,9,"tetrahydrofolate biosynthesis","BioCyc"
"523","ARA:PWY-6673",1,0.134304876136889,0,10,"caffeoylglucarate biosynthesis","BioCyc"
"524","ARA:PWY-7177",1,0.0333700699170378,0,18,"UTP and CTP dephosphorylation II","BioCyc"
"525","ARA:PWY-7199",1,0.0911530094102143,0,12,"pyrimidine deoxyribonucleosides salvage","BioCyc"
"526","ARA:PWY-7432",1,0.110789840883568,0,11,"L-phenylalanine biosynthesis III (cytosolic, plants)","BioCyc"
"527","ARA:PWY0-1313",1,0.198041868810731,0,9,"acetate conversion to acetyl-CoA","BioCyc"
"528","ARA:PWYQT-94",1,0.0484770731405297,0,15,"superpathway of polyamine biosynthesis","BioCyc"
"529","ARA:VALSYN-PWY",1,0.0695672859285893,0,14,"L-valine biosynthesis","BioCyc"
"530","ARA:COA-PWY",1.00000000000001,0.198063252467414,0,8,"coenzyme A biosynthesis I","BioCyc"
"531","ARA:PWY-1822",1.00000000000002,0.19818141805151,0,8,"indole-3-acetate activation I","BioCyc"
"532","ARA:PWY-5691",1.00000000000005,0.545701955261649,0,3,"urate degradation to allantoin I","BioCyc"
"533","ARA:PWY-5036",1.00000000000007,0.666953589665828,0,2,"gibberellin biosynthesis II (early C-3 hydroxylation)","BioCyc"
"534","ARA:PWY-5313",1.0000000000001,0.444709992238806,0,4,"superpathway of anthocyanin biosynthesis (from cyanidin and cyanidin 3-O-glucoside)","BioCyc"
"535","ARA:PWY-7267",1.0000000000001,0.444709992238806,0,4,"anthocyanin biosynthesis (pelargonidin 3-O-glucoside)","BioCyc"
"536","ARA:PWY-66",1.00000000000011,0.296225046660635,0,6,"GDP-L-fucose biosynthesis I (from GDP-D-mannose)","BioCyc"
"537","ARA:PWY-7048",1.00000000000017,0.297475139713106,0,6,"malate-oxaloacetate shuttle II","BioCyc"
"538","ARA:PWY-3461",1.00000000000018,0.200667180905513,0,8,"L-tyrosine biosynthesis II","BioCyc"
"539","ARA:PWY-6115",1.00000000000029,0.345027611910467,0,6,"avenacin biosynthesis, initial reactions","BioCyc"
"540","ARA:PWY-6220",1.0000000000003,0.455287339411987,0,4,"jasmonoyl-amino acid conjugates biosynthesis I","BioCyc"
"541","ARA:PWY-6233",1.0000000000003,0.455287339411987,0,4,"jasmonoyl-amino acid conjugates biosynthesis II","BioCyc"
"542","ARA:PWY4FS-10",1.00000000000054,0.666990724532851,0,2,"scopolin biosynthesis","BioCyc"
"543","ARA:PWY-6825",1.00000000000067,0.296251968487805,0,6,"phosphatidylcholine biosynthesis V","BioCyc"
"544","ARA:PWY0-1021",1.0000000000007,0.447635431704755,0,4,"L-alanine biosynthesis III","BioCyc"
"545","ARA:SERSYN-PWY",1.00000000000072,0.248081132057142,0,7,"L-serine biosynthesis","BioCyc"
"546","ARA:PWY-6304",1.00000000000079,0.545956978594012,0,3,"casbene biosynthesis","BioCyc"
"547","ARA:PWY-6898",1.00000000000085,0.297381065946132,0,6,"thiamine salvage III","BioCyc"
"548","ARA:PWY-7590",1.00000000000106,0.547538667332856,0,3,"(7Z,10Z,13Z)-hexadecatrienoate biosynthesis","BioCyc"
"549","ARA:PWY-7158",1.00000000000111,0.667234014662177,0,2,"L-phenylalanine degradation V","BioCyc"
"550","ARA:PWY-6051",1.00000000000113,0.296756950215038,0,6,"2,4,6-trinitrotoluene degradation","BioCyc"
"551","ARA:PWY-5876",1.00000000000114,0.668838838872935,0,2,"magnoflorine biosynthesis","BioCyc"
"552","ARA:PWY-5944",1.00000000000115,0.816963737800593,0,1,"zeaxanthin biosynthesis","BioCyc"
"553","ARA:PWY-4203",1.00000000000116,0.545017540055301,0,3,"volatile benzenoid biosynthesis I (ester formation)","BioCyc"
"554","ARA:PWY-801",1.00000000000139,0.30015212242655,0,6,"L-homocysteine and L-cysteine interconversion","BioCyc"
"555","ARA:PWY-5441",1.00000000000145,0.317446118574657,0,6,"S-methyl-L-methionine cycle","BioCyc"
"556","ARA:PWY-6199",1.00000000000147,0.29649556411544,0,6,"quercetin sulfate biosynthesis","BioCyc"
"557","ARA:CYANCAT-PWY",1.00000000000149,0.544691904997679,0,3,"cyanate degradation","BioCyc"
"558","ARA:PWY-5034",1.00000000000151,0.453231494940157,0,4,"GA12 biosynthesis","BioCyc"
"559","ARA:PROUT-PWY",1.00000000000171,0.456832601003132,0,4,"L-proline degradation","BioCyc"
"560","ARA:MANNCAT-PWY",1.00000000000177,0.668870415686651,0,2,"D-mannose degradation","BioCyc"
"561","ARA:PWY-7060",1.00000000000192,0.310950017754446,0,6,"ornithine-citrulline shuttle","BioCyc"
"562","ARA:PWY-5905",1.00000000000205,0.5450455905015,0,3,"hypusine biosynthesis","BioCyc"
"563","ARA:PWY-83",1.00000000000213,0.816782093000976,0,1,"monolignol glucosides biosynthesis","BioCyc"
"564","ARA:PWY-5957",1.00000000000225,0.544346448824119,0,3,"L-nicotianamine biosynthesis","BioCyc"
"565","ARA:PWY-4",1.00000000000233,0.570143241976068,0,3,"UDP-D-galacturonate biosynthesis II (from D-galacturonate)","BioCyc"
"566","ARA:PWY-6498",1.00000000000233,0.296212485791133,0,6,"eumelanin biosynthesis","BioCyc"
"567","ARA:PWY-7140",1.00000000000241,0.667356170839626,0,2,"myricetin gentiobioside biosynthesis","BioCyc"
"568","ARA:PWY-6213",1.00000000000273,0.380581028932877,0,6,"cadmium transport I","BioCyc"
"569","ARA:POLYAMINSYN3-PWY",1.000000000003,0.671563388924236,0,2,"superpathway of polyamine biosynthesis II","BioCyc"
"570","ARA:PWY-6623",1.00000000000302,0.544670047997603,0,3,"salicylate glucosides biosynthesis II","BioCyc"
"571","ARA:PWY-4261",1.00000000000359,0.670133463438426,0,2,"glycerol degradation I","BioCyc"
"572","ARA:PWY-6473",1.00000000000359,0.69768639483195,0,2,"4-aminobutanoate degradation IV","BioCyc"
"573","ARA:PWY-6535",1.00000000000359,0.69768639483195,0,2,"4-aminobutanoate degradation I","BioCyc"
"574","ARA:PWY-5466",1.00000000000367,0.667744182654566,0,2,"matairesinol biosynthesis","BioCyc"
"575","ARA:PWY-6305",1.0000000000039,0.548427471657457,0,3,"putrescine biosynthesis IV","BioCyc"
"576","ARA:PWY-6064",1.00000000000395,0.667634611366809,0,2,"methylquercetin biosynthesis","BioCyc"
"577","ARA:PWY-6932",1.00000000000432,0.66798351309486,0,2,"selenate reduction","BioCyc"
"578","ARA:PWY-5326",1.00000000000505,0.668382494536309,0,2,"sulfite oxidation IV","BioCyc"
"579","ARA:PWY-4341",1.00000000000565,0.9087663399013,0,1,"L-glutamate biosynthesis V","BioCyc"
"580","ARA:ARGDEG-V-PWY",1.000000000006,0.671440419079363,0,2,"L-arginine degradation X (arginine monooxygenase pathway)","BioCyc"
"581","ARA:PWY-40",1.000000000006,0.671440419079363,0,2,"putrescine biosynthesis I","BioCyc"
