"","category","over_represented_pvalue","under_represented_pvalue","numDEInCat","numInCat","term","ontology"
"1","GO:0020037",5.24368171588143e-05,0.999989103319841,14,43,"heme binding","MF"
"2","GO:0004322",0.000101233897952723,1,4,4,"ferroxidase activity","MF"
"3","GO:0008198",0.000101233897952723,1,4,4,"ferrous iron binding","MF"
"4","GO:0008199",0.000101233897952723,1,4,4,"ferric iron binding","MF"
"5","GO:0030246",0.000226960427211955,0.99995542555522,11,35,"carbohydrate binding","MF"
"6","GO:0004601",0.00087915001410837,0.999831900684014,9,27,"peroxidase activity","MF"
"7","GO:0035673",0.00198360849297179,0.999796282309293,5,12,"oligopeptide transmembrane transporter activity","MF"
"8","GO:0016413",0.00432197016444622,0.999647456685231,4,8,"O-acetyltransferase activity","MF"
"9","GO:0004553",0.00515859641023614,0.998756183805404,8,32,"hydrolase activity, hydrolyzing O-glycosyl compounds","MF"
"10","GO:0005506",0.00651277857457853,0.99838138695269,8,30,"iron ion binding","MF"
"11","GO:0000048",0.00689655459622314,1,2,2,"peptidyltransferase activity","MF"
"12","GO:0016756",0.00689655459622314,1,2,2,"glutathione gamma-glutamylcysteinyltransferase activity","MF"
"13","GO:0036374",0.00689655459622314,1,2,2,"glutathione hydrolase activity","MF"
"14","GO:0102953",0.00689655459622314,1,2,2,"hypoglycin A gamma-glutamyl transpeptidase activity","MF"
"15","GO:0103068",0.00689655459622314,1,2,2,"leukotriene C4 gamma-glutamyl transferase activity","MF"
"16","GO:0016985",0.00769209889343685,1,2,2,"mannan endo-1,4-beta-mannosidase activity","MF"
"17","GO:0005199",0.00917234400685201,0.999497245688047,3,5,"structural constituent of cell wall","MF"
"18","GO:0004497",0.00941758282483623,0.998501423957201,5,14,"monooxygenase activity","MF"
"19","GO:0019825",0.0138003768629263,0.996934465475942,6,21,"oxygen binding","MF"
"20","GO:0016705",0.0138473695645494,0.998953374307705,3,6,"oxidoreductase activity, acting on paired donors, with incorporation or reduction of molecular oxygen","MF"
"21","GO:0005345",0.0141342226280974,0.999085220934048,3,5,"purine nucleobase transmembrane transporter activity","MF"
"22","GO:0015114",0.0147516985551428,0.999630714495327,2,3,"phosphate ion transmembrane transporter activity","MF"
"23","GO:0009975",0.0158423392651399,0.999587847706155,2,3,"cyclase activity","MF"
"24","GO:1990538",0.022320124605268,0.999300132179911,2,3,"xylan O-acetyltransferase activity","MF"
"25","GO:0008453",0.022872158943041,0.999273131285327,2,3,"alanine-glyoxylate transaminase activity","MF"
"26","GO:0080044",0.0256426712414002,0.995816216046357,4,11,"quercetin 7-O-glucosyltransferase activity","MF"
"27","GO:0030170",0.02616052813582,0.995407144533781,4,14,"pyridoxal phosphate binding","MF"
"28","GO:0005215",0.0280255131635814,0.990405779961288,8,46,"transporter activity","MF"
"29","GO:0015293",0.0284377898910633,0.996539828094981,3,9,"symporter activity","MF"
"30","GO:0008810",0.0329329944711609,0.998211993808457,2,4,"cellulase activity","MF"
"31","GO:0010333",0.0334894007505871,0.998164825049502,2,4,"terpene synthase activity","MF"
"32","GO:0005507",0.0364043693672698,0.987112639447544,8,38,"copper ion binding","MF"
"33","GO:0016298",0.036798322755212,0.995242187405068,3,8,"lipase activity","MF"
"34","GO:0045330",0.036936917742129,0.997862571430558,2,4,"aspartyl esterase activity","MF"
"35","GO:0016491",0.047850930187083,0.984911745141769,6,31,"oxidoreductase activity","MF"
"36","GO:0015333",0.0482123168697551,0.992523410973761,3,10,"peptide:proton symporter activity","MF"
"37","GO:1904680",0.0482123168697551,0.992523410973761,3,10,"peptide transmembrane transporter activity","MF"
"38","GO:0008825",0.0580174384656041,1,1,1,"cyclopropane-fatty-acyl-phospholipid synthase activity","MF"
"39","GO:0042802",0.0620510859709481,0.981657025401456,5,25,"identical protein binding","MF"
"40","GO:1990136",0.0644691277264843,1,1,1,"linoleate 9S-lipoxygenase activity","MF"
"41","GO:0045735",0.0659578586338256,0.994691751379712,2,4,"nutrient reservoir activity","MF"
"42","GO:0016002",0.0681647227618809,1,1,1,"sulfite reductase activity","MF"
"43","GO:0050311",0.0681647227618809,1,1,1,"sulfite reductase (ferredoxin) activity","MF"
"44","GO:0015172",0.0683807732123396,1,1,1,"acidic amino acid transmembrane transporter activity","MF"
"45","GO:0015175",0.0683807732123396,1,1,1,"neutral amino acid transmembrane transporter activity","MF"
"46","GO:0004612",0.0701642560356594,1,1,1,"phosphoenolpyruvate carboxykinase (ATP) activity","MF"
"47","GO:0008483",0.0721469146708011,0.992969715646009,2,5,"transaminase activity","MF"
"48","GO:0015140",0.0722986511049451,1,1,1,"malate transmembrane transporter activity","MF"
"49","GO:0017153",0.0722986511049451,1,1,1,"sodium:dicarboxylate symporter activity","MF"
"50","GO:0008422",0.0723522711038283,0.992365298027948,2,6,"beta-glucosidase activity","MF"
"51","GO:0102483",0.0723522711038283,0.992365298027948,2,6,"scopolin beta-glucosidase activity","MF"
"52","GO:0051980",0.072882763025553,1,1,1,"iron-nicotianamine transmembrane transporter activity","MF"
"53","GO:0047782",0.0737440107502129,1,1,1,"coniferin beta-glucosidase activity","MF"
"54","GO:0004506",0.0746096919605907,1,1,1,"squalene monooxygenase activity","MF"
"55","GO:0010436",0.0764056001537257,1,1,1,"carotenoid dioxygenase activity","MF"
"56","GO:0016702",0.0764056001537257,1,1,1,"oxidoreductase activity, acting on single donors with incorporation of molecular oxygen, incorporation of two atoms of oxygen","MF"
"57","GO:0102251",0.0764056001537257,1,1,1,"all-trans-beta-apo-10'-carotenal cleavage oxygenase activity","MF"
"58","GO:0102396",0.0764056001537257,1,1,1,"9-cis-10'-apo-beta-carotenal cleavage oxygenase activity","MF"
"59","GO:0015415",0.0777985521509344,1,1,1,"ATPase-coupled phosphate ion transmembrane transporter activity","MF"
"60","GO:0004069",0.0797066468630593,1,1,1,"L-aspartate:2-oxoglutarate aminotransferase activity","MF"
"61","GO:0030599",0.0813054587249947,0.991505379714913,2,5,"pectinesterase activity","MF"
"62","GO:0005085",0.0821610540293998,0.998245400838886,1,2,"guanyl-nucleotide exchange factor activity","MF"
"63","GO:0005086",0.0821610540293998,0.998245400838886,1,2,"ARF guanyl-nucleotide exchange factor activity","MF"
"64","GO:0034256",0.0821843350131449,1,1,1,"chlorophyll(ide) b reductase activity","MF"
"65","GO:0008883",0.0833242289764098,1,1,1,"glutamyl-tRNA reductase activity","MF"
"66","GO:0004784",0.0852069058203118,1,1,1,"superoxide dismutase activity","MF"
"67","GO:0010542",0.0862558438122371,1,1,1,"nitrate efflux transmembrane transporter activity","MF"
"68","GO:0015186",0.0868264894681952,1,1,1,"L-glutamine transmembrane transporter activity","MF"
"69","GO:0004190",0.0870767346995343,0.990527854652588,2,5,"aspartic-type endopeptidase activity","MF"
"70","GO:0046872",0.0871359772159885,0.941755729765357,30,249,"metal ion binding","MF"
"71","GO:0008974",0.0890428453513264,1,1,1,"phosphoribulokinase activity","MF"
"72","GO:0042132",0.0918045179053361,1,1,1,"fructose 1,6-bisphosphate 1-phosphatase activity","MF"
"73","GO:0050278",0.0918045179053361,1,1,1,"sedoheptulose-bisphosphatase activity","MF"
"74","GO:0004781",0.0918999155256185,1,1,1,"sulfate adenylyltransferase (ATP) activity","MF"
"75","GO:0008194",0.0929529841486506,0.974210775863464,4,17,"UDP-glycosyltransferase activity","MF"
"76","GO:0080045",0.105501869691595,1,1,1,"quercetin 3'-O-glucosyltransferase activity","MF"
"77","GO:0005344",0.105972382258701,1,1,1,"oxygen carrier activity","MF"
"78","GO:0004674",0.114340788011414,0.934156636173929,14,124,"protein serine/threonine kinase activity","MF"
"79","GO:0102336",0.114536488263766,0.984161436164951,2,6,"3-oxo-arachidoyl-CoA synthase activity","MF"
"80","GO:0102337",0.114536488263766,0.984161436164951,2,6,"3-oxo-cerotoyl-CoA synthase activity","MF"
"81","GO:0102338",0.114536488263766,0.984161436164951,2,6,"3-oxo-lignoceronyl-CoA synthase activity","MF"
"82","GO:0102756",0.114536488263766,0.984161436164951,2,6,"very-long-chain 3-ketoacyl-CoA synthase activity","MF"
"83","GO:0080043",0.115262749009966,0.973499800937468,3,11,"quercetin 3-O-glucosyltransferase activity","MF"
"84","GO:0103075",0.118271942680824,1,1,1,"indole-3-pyruvate monooxygenase activity","MF"
"85","GO:0016709",0.118855665174234,0.971807739992824,3,12,"oxidoreductase activity, acting on paired donors, with incorporation or reduction of molecular oxygen, NAD(P)H as one donor, and incorporation of one atom of oxygen","MF"
"86","GO:0050284",0.119939221378947,1,1,1,"sinapate 1-glucosyltransferase activity","MF"
"87","GO:0050412",0.119939221378947,1,1,1,"cinnamate beta-D-glucosyltransferase activity","MF"
"88","GO:0017057",0.120304956185726,1,1,1,"6-phosphogluconolactonase activity","MF"
"89","GO:0008519",0.121299126531492,1,1,1,"ammonium transmembrane transporter activity","MF"
"90","GO:0015200",0.121299126531492,1,1,1,"methylammonium transmembrane transporter activity","MF"
"91","GO:0008081",0.123922118043377,1,1,1,"phosphoric diester hydrolase activity","MF"
"92","GO:1990137",0.124184688760137,1,1,1,"plant seed peroxidase activity","MF"
"93","GO:0004351",0.136526026385311,0.99500891882648,1,2,"glutamate decarboxylase activity","MF"
"94","GO:0004359",0.142660636361694,1,1,1,"glutaminase activity","MF"
"95","GO:0016843",0.142660636361694,1,1,1,"amine-lyase activity","MF"
"96","GO:0036381",0.142660636361694,1,1,1,"pyridoxal 5'-phosphate synthase (glutamine hydrolysing) activity","MF"
"97","GO:0008143",0.144961964994889,0.994346335320121,1,2,"poly(A) binding","MF"
"98","GO:0050660",0.146929783573103,0.973707139090867,2,9,"flavin adenine dinucleotide binding","MF"
"99","GO:0004866",0.147760782085254,1,1,1,"endopeptidase inhibitor activity","MF"
"100","GO:0004712",0.148254318863233,0.973968785859957,2,8,"protein serine/threonine/tyrosine kinase activity","MF"
"101","GO:0004096",0.150530688576749,0.993884402377171,1,2,"catalase activity","MF"
"102","GO:0004126",0.150771937986354,1,1,1,"cytidine deaminase activity","MF"
"103","GO:0008131",0.151713640595825,0.99378373834417,1,2,"primary amine oxidase activity","MF"
"104","GO:0016667",0.163680348676989,1,1,1,"oxidoreductase activity, acting on a sulfur group of donors","MF"
"105","GO:0032542",0.163680348676989,1,1,1,"sulfiredoxin activity","MF"
"106","GO:0050661",0.165048542425292,0.970027555939344,2,7,"NADP binding","MF"
"107","GO:0047372",0.17341528826214,0.991776600766081,1,2,"acylglycerol lipase activity","MF"
"108","GO:0017096",0.175391721812173,0.991578461175822,1,2,"acetylserotonin O-methyltransferase activity","MF"
"109","GO:0008289",0.176895265581802,0.926502836697404,5,30,"lipid binding","MF"
"110","GO:0004888",0.17899801956076,0.991210215558459,1,2,"transmembrane signaling receptor activity","MF"
"111","GO:0016301",0.180878237028911,0.880262545649053,18,174,"kinase activity","MF"
"112","GO:0004650",0.181599346819328,0.962935555734095,2,9,"polygalacturonase activity","MF"
"113","GO:0009922",0.189436655875734,0.990094960437174,1,2,"fatty acid elongase activity","MF"
"114","GO:0000104",0.189934756758278,0.990039893722533,1,2,"succinate dehydrogenase activity","MF"
"115","GO:0008177",0.189934756758278,0.990039893722533,1,2,"succinate dehydrogenase (ubiquinone) activity","MF"
"116","GO:0051537",0.189934756758278,0.990039893722533,1,2,"2 iron, 2 sulfur cluster binding","MF"
"117","GO:0044212",0.189991327869187,0.912374067443442,6,33,"transcription regulatory region DNA binding","MF"
"118","GO:0004020",0.19270682262031,0.98973032788535,1,2,"adenylylsulfate kinase activity","MF"
"119","GO:0042578",0.1936603630507,0.986327924759459,1,3,"phosphoric ester hydrolase activity","MF"
"120","GO:0004499",0.200982251253944,0.988774646023769,1,2,"N,N-dimethylaniline monooxygenase activity","MF"
"121","GO:0005102",0.201970257340654,0.960158088217774,2,6,"signaling receptor binding","MF"
"122","GO:0033836",0.204269847819409,0.988381748888561,1,2,"flavonol 7-O-beta-glucosyltransferase activity","MF"
"123","GO:0047893",0.204269847819409,0.988381748888561,1,2,"flavonol 3-O-glucosyltransferase activity","MF"
"124","GO:0102360",0.204269847819409,0.988381748888561,1,2,"daphnetin 3-O-glucosyltransferase activity","MF"
"125","GO:0102425",0.204269847819409,0.988381748888561,1,2,"myricetin 3-O-glucosyltransferase activity","MF"
"126","GO:0050897",0.207783637938545,0.984144275780461,1,3,"cobalt ion binding","MF"
"127","GO:0080031",0.207914290849091,0.987937327839725,1,2,"methyl salicylate esterase activity","MF"
"128","GO:0080032",0.207914290849091,0.987937327839725,1,2,"methyl jasmonate esterase activity","MF"
"129","GO:0009979",0.21003231470548,0.987674732310654,1,2,"16:0 monogalactosyldiacylglycerol desaturase activity","MF"
"130","GO:0016717",0.21003231470548,0.987674732310654,1,2,"oxidoreductase activity, acting on paired donors, with oxidation of a pair of donors resulting in the reduction of molecular oxygen to two molecules of water","MF"
"131","GO:0008083",0.210909991027718,0.957193412427154,2,6,"growth factor activity","MF"
"132","GO:0008374",0.211194236859063,0.98752932279905,1,2,"O-acyltransferase activity","MF"
"133","GO:0016174",0.214816623850246,0.980990744453561,1,4,"NAD(P)H oxidase activity","MF"
"134","GO:0035251",0.216058431986968,0.986910130980557,1,2,"UDP-glucosyltransferase activity","MF"
"135","GO:0051538",0.220253942096091,0.982065915372204,1,3,"3 iron, 4 sulfur cluster binding","MF"
"136","GO:0005319",0.224742152116068,0.981282786122484,1,3,"lipid transporter activity","MF"
"137","GO:0000287",0.22614976800672,0.944506362386729,2,12,"magnesium ion binding","MF"
"138","GO:0015144",0.227614514845813,0.94455091342605,2,11,"carbohydrate transmembrane transporter activity","MF"
"139","GO:0015204",0.228893849788728,0.98519418805443,1,2,"urea transmembrane transporter activity","MF"
"140","GO:0015112",0.22970488973806,0.980394954819717,1,3,"nitrate transmembrane transporter activity","MF"
"141","GO:0015108",0.237299164690925,0.978991367872692,1,3,"chloride transmembrane transporter activity","MF"
"142","GO:0017056",0.24711013716887,0.971814306226631,1,6,"structural constituent of nuclear pore","MF"
"143","GO:0009055",0.247242761290495,0.91426325764918,3,15,"electron transfer activity","MF"
"144","GO:0004620",0.255992362627698,0.975300423929819,1,3,"phospholipase activity","MF"
"145","GO:0016706",0.256089980467292,0.93466261383681,2,9,"oxidoreductase activity, acting on paired donors, with incorporation or reduction of molecular oxygen, 2-oxoglutarate as one donor, and incorporation of one atom each of oxygen into both donors","MF"
"146","GO:0005267",0.25648483561561,0.9723253251064,1,4,"potassium channel activity","MF"
"147","GO:0005351",0.263599403586787,0.928464968876892,2,12,"carbohydrate:proton symporter activity","MF"
"148","GO:0004860",0.268089489729696,0.97918964934591,1,2,"protein kinase inhibitor activity","MF"
"149","GO:0004462",0.269925108297713,0.972325802500239,1,3,"lactoylglutathione lyase activity","MF"
"150","GO:0030234",0.271910051574381,0.978540420472032,1,2,"enzyme regulator activity","MF"
"151","GO:0004867",0.281537257775968,0.976852269860855,1,2,"serine-type endopeptidase inhibitor activity","MF"
"152","GO:0030295",0.283184897325989,0.976555784305358,1,2,"protein kinase activator activity","MF"
"153","GO:0043021",0.283184897325989,0.976555784305358,1,2,"ribonucleoprotein complex binding","MF"
"154","GO:0003774",0.290812046990295,0.961580790843515,1,5,"motor activity","MF"
"155","GO:0016757",0.297405578401962,0.811094730939117,10,88,"transferase activity, transferring glycosyl groups","MF"
"156","GO:0008061",0.297531488579017,0.965846714667982,1,3,"chitin binding","MF"
"157","GO:0004869",0.299521615767272,0.973494021325325,1,2,"cysteine-type endopeptidase inhibitor activity","MF"
"158","GO:0046910",0.30193134028533,0.913793065731843,2,9,"pectinesterase inhibitor activity","MF"
"159","GO:0016853",0.307121038201631,0.959247133228231,1,4,"isomerase activity","MF"
"160","GO:0043565",0.30744706776596,0.799190561444173,11,87,"sequence-specific DNA binding","MF"
"161","GO:0019888",0.313985790192709,0.954677272909898,1,5,"protein phosphatase regulator activity","MF"
"162","GO:0043621",0.315202644481563,0.903391856831806,2,12,"protein self-association","MF"
"163","GO:0016844",0.318632060512554,0.955860194421858,1,4,"strictosidine synthase activity","MF"
"164","GO:0052689",0.323321251316122,0.900202391190484,2,11,"carboxylic ester hydrolase activity","MF"
"165","GO:0005388",0.325174622416199,0.9492850755652,1,6,"calcium-transporting ATPase activity","MF"
"166","GO:0005524",0.325236031452195,0.745255286705784,29,342,"ATP binding","MF"
"167","GO:0043531",0.334130039531225,0.85784692411803,3,27,"ADP binding","MF"
"168","GO:0015238",0.351070647301523,0.940090121712831,1,6,"drug transmembrane transporter activity","MF"
"169","GO:0016760",0.358026061773141,0.935898527375932,1,7,"cellulose synthase (UDP-forming) activity","MF"
"170","GO:0016759",0.361404677855279,0.934569026927919,1,7,"cellulose synthase activity","MF"
"171","GO:0016746",0.37107462555396,0.872280269155418,2,12,"transferase activity, transferring acyl groups","MF"
"172","GO:0000978",0.372366989006984,0.937872453020381,1,4,"RNA polymerase II proximal promoter sequence-specific DNA binding","MF"
"173","GO:0042973",0.373078109156592,0.933955462332737,1,5,"glucan endo-1,3-beta-D-glucosidase activity","MF"
"174","GO:0008574",0.374495935448839,0.929262670162544,1,7,"ATP-dependent microtubule motor activity, plus-end-directed","MF"
"175","GO:0008094",0.377835503283197,0.927869130112652,1,7,"DNA-dependent ATPase activity","MF"
"176","GO:0005544",0.37939287784921,0.9352429538271,1,4,"calcium-dependent phospholipid binding","MF"
"177","GO:0080030",0.383337314539191,0.933737365937423,1,4,"methyl indole-3-acetate esterase activity","MF"
"178","GO:0015171",0.385076245406564,0.924791194025377,1,7,"amino acid transmembrane transporter activity","MF"
"179","GO:0005509",0.387608627651879,0.768435581442965,6,50,"calcium ion binding","MF"
"180","GO:0016747",0.387649303648605,0.932067087018299,1,4,"transferase activity, transferring acyl groups other than amino-acyl groups","MF"
"181","GO:0004672",0.392036038794582,0.744134736677639,8,88,"protein kinase activity","MF"
"182","GO:0048038",0.395651392528939,0.928899144730988,1,4,"quinone binding","MF"
"183","GO:0008378",0.397566877390069,0.923966477469574,1,5,"galactosyltransferase activity","MF"
"184","GO:0004540",0.404419491658984,0.921015540880823,1,5,"ribonuclease activity","MF"
"185","GO:0008171",0.411248707046973,0.918005184079261,1,5,"O-methyltransferase activity","MF"
"186","GO:0033612",0.422100576959335,0.913076508225821,1,5,"receptor serine/threonine kinase binding","MF"
"187","GO:0051015",0.422593457319273,0.834849093275562,2,17,"actin filament binding","MF"
"188","GO:0008146",0.431080060196456,0.913770917452066,1,4,"sulfotransferase activity","MF"
"189","GO:0008757",0.458122682175483,0.891746897944767,1,6,"S-adenosylmethionine-dependent methyltransferase activity","MF"
"190","GO:0051539",0.466291260923814,0.802177357366708,2,19,"4 iron, 4 sulfur cluster binding","MF"
"191","GO:0043130",0.480526704559884,0.872741919639063,1,9,"ubiquitin binding","MF"
"192","GO:0003713",0.481579402390915,0.878691276638768,1,6,"transcription coactivator activity","MF"
"193","GO:0016788",0.49755641748114,0.780297679003845,2,16,"hydrolase activity, acting on ester bonds","MF"
"194","GO:0071949",0.500308349810468,0.864495321650303,1,7,"FAD binding","MF"
"195","GO:0003712",0.510832304292618,0.86102166521363,1,6,"transcription coregulator activity","MF"
"196","GO:0004806",0.527982004462323,0.842008914811104,1,9,"triglyceride lipase activity","MF"
"197","GO:0051213",0.532077144439933,0.751865692203242,2,16,"dioxygenase activity","MF"
"198","GO:0016538",0.55327306496725,0.825918181314008,1,8,"cyclin-dependent protein serine/threonine kinase regulator activity","MF"
"199","GO:0004364",0.555134060282755,0.831096201605664,1,6,"glutathione transferase activity","MF"
"200","GO:0015250",0.555953721098131,0.826726885873595,1,7,"water channel activity","MF"
"201","GO:0004722",0.557710340561471,0.724650188161044,2,22,"protein serine/threonine phosphatase activity","MF"
"202","GO:0004693",0.564738331367685,0.817286986748271,1,8,"cyclin-dependent protein serine/threonine kinase activity","MF"
"203","GO:0030247",0.568639532335063,0.81202807395627,1,9,"polysaccharide binding","MF"
"204","GO:0003700",0.576446336674247,0.520171403093992,20,191,"DNA-binding transcription factor activity","MF"
"205","GO:0042626",0.580380790040633,0.798056064772108,1,12,"ATPase activity, coupled to transmembrane movement of substances","MF"
"206","GO:0015297",0.586399814765583,0.794335392725096,1,11,"antiporter activity","MF"
"207","GO:0016829",0.586733848672629,0.795603399713303,1,10,"lyase activity","MF"
"208","GO:0003676",0.598689642370052,0.585840616177075,5,58,"nucleic acid binding","MF"
"209","GO:0008134",0.602582238107975,0.780522190120608,1,11,"transcription factor binding","MF"
"210","GO:0051082",0.604586399602625,0.684251923185037,2,17,"unfolded protein binding","MF"
"211","GO:0016762",0.618226929218204,0.772996301004709,1,8,"xyloglucan:xyloglucosyl transferase activity","MF"
"212","GO:0016798",0.618226929218204,0.772996301004709,1,8,"hydrolase activity, acting on glycosyl bonds","MF"
"213","GO:0004675",0.65108951954841,0.579901630773699,3,39,"transmembrane receptor protein serine/threonine kinase activity","MF"
"214","GO:0022857",0.656828301497311,0.623651895407461,2,25,"transmembrane transporter activity","MF"
"215","GO:0003682",0.667123230494269,0.714484266411954,1,14,"chromatin binding","MF"
"216","GO:0003743",0.685651060060149,0.694298722965816,1,14,"translation initiation factor activity","MF"
"217","GO:0016740",0.688459779433371,0.509095005818142,4,43,"transferase activity","MF"
"218","GO:0003779",0.695794165229073,0.680763788810749,1,16,"actin binding","MF"
"219","GO:0004724",0.715625564907734,0.65927525185794,1,14,"magnesium-dependent protein serine/threonine phosphatase activity","MF"
"220","GO:0005515",0.746485270812609,0.31336015649578,39,477,"protein binding","MF"
"221","GO:0003777",0.747927928043532,0.610887086717241,1,23,"microtubule motor activity","MF"
"222","GO:0046982",0.763774033747284,0.59610889734243,1,14,"protein heterodimerization activity","MF"
"223","GO:0003677",0.790185929208878,0.286069622560216,19,227,"DNA binding","MF"
"224","GO:0000166",0.803021740698522,0.53001707286025,1,22,"nucleotide binding","MF"
"225","GO:0046983",0.803641645165598,0.431520753619596,2,31,"protein dimerization activity","MF"
"226","GO:0003824",0.807583773494,0.380208594980757,3,46,"catalytic activity","MF"
"227","GO:0019901",0.844957813659014,0.460470984797191,1,18,"protein kinase binding","MF"
"228","GO:0003735",0.856962866471465,0.347724397473084,2,26,"structural constituent of ribosome","MF"
"229","GO:0008017",0.870127658655657,0.318593242667898,2,46,"microtubule binding","MF"
"230","GO:0008270",0.874285726315049,0.220485328312351,7,94,"zinc ion binding","MF"
"231","GO:0016758",0.88701092569461,0.374978179988153,1,19,"transferase activity, transferring hexosyl groups","MF"
"232","GO:0005516",0.897706355575454,0.233515744602376,3,61,"calmodulin binding","MF"
"233","GO:0003729",0.901060578789324,0.227495831295162,3,61,"mRNA binding","MF"
"234","GO:0005525",0.901121449012836,0.261844610473338,2,38,"GTP binding","MF"
"235","GO:0003924",0.925580135236068,0.278635144794638,1,26,"GTPase activity","MF"
"236","GO:0016887",0.947867642234005,0.212227020179829,1,44,"ATPase activity","MF"
"237","GO:0004842",0.978431797694492,0.108978600510242,1,40,"ubiquitin-protein transferase activity","MF"
"238","GO:0003723",0.985852848743355,0.0451483360733039,3,93,"RNA binding","MF"
"239","GO:0016787",0.992016886494455,0.0335207807395579,2,72,"hydrolase activity","MF"
"240","GO:0003674",0.999977632735504,4.64451318077577e-05,35,518,"molecular_function","MF"
"241","GO:0000014",1,0.750905749558158,0,3,"single-stranded DNA endodeoxyribonuclease activity","MF"
"242","GO:0000030",1,0.922608997690062,0,1,"mannosyltransferase activity","MF"
"243","GO:0000036",1,0.837727439808201,0,2,"acyl carrier activity","MF"
"244","GO:0000049",1,0.904557080548011,0,2,"tRNA binding","MF"
"245","GO:0000062",1,0.911065299235567,0,1,"fatty-acyl-CoA binding","MF"
"246","GO:0000064",1,0.903929605388764,0,1,"L-ornithine transmembrane transporter activity","MF"
"247","GO:0000095",1,0.778676002515011,0,3,"S-adenosyl-L-methionine transmembrane transporter activity","MF"
"248","GO:0000149",1,0.315777008750791,0,10,"SNARE binding","MF"
"249","GO:0000156",1,0.72365761200889,0,3,"phosphorelay response regulator activity","MF"
"250","GO:0000175",1,0.573047148757214,0,7,"3'-5'-exoribonuclease activity","MF"
"251","GO:0000210",1,0.908447603558522,0,1,"NAD+ diphosphatase activity","MF"
"252","GO:0000248",1,0.868575604498802,0,1,"C-5 sterol desaturase activity","MF"
"253","GO:0000249",1,0.896622014431581,0,1,"C-22 sterol desaturase activity","MF"
"254","GO:0000285",1,0.893524120315628,0,2,"1-phosphatidylinositol-3-phosphate 5-kinase activity","MF"
"255","GO:0000293",1,0.928355892214875,0,1,"ferric-chelate reductase activity","MF"
"256","GO:0000386",1,0.918779204311033,0,1,"second spliceosomal transesterification activity","MF"
"257","GO:0000400",1,0.90755062298688,0,1,"four-way junction DNA binding","MF"
"258","GO:0000774",1,0.885695658303882,0,1,"adenyl-nucleotide exchange factor activity","MF"
"259","GO:0000823",1,0.891826473135593,0,1,"inositol-1,4,5-trisphosphate 6-kinase activity","MF"
"260","GO:0000824",1,0.891826473135593,0,1,"inositol tetrakisphosphate 3-kinase activity","MF"
"261","GO:0000828",1,0.96153024308185,0,1,"inositol hexakisphosphate kinase activity","MF"
"262","GO:0000829",1,0.96153024308185,0,1,"inositol heptakisphosphate kinase activity","MF"
"263","GO:0000832",1,0.96153024308185,0,1,"inositol hexakisphosphate 5-kinase activity","MF"
"264","GO:0000976",1,0.793815604666689,0,3,"transcription regulatory region sequence-specific DNA binding","MF"
"265","GO:0000977",1,0.711292683581687,0,4,"RNA polymerase II regulatory region sequence-specific DNA binding","MF"
"266","GO:0000979",1,0.915176330718748,0,1,"RNA polymerase II core promoter sequence-specific DNA binding","MF"
"267","GO:0000995",1,0.882598563982134,0,2,"RNA polymerase III general transcription initiation factor activity","MF"
"268","GO:0001002",1,0.933609751872671,0,1,"RNA polymerase III type 1 promoter sequence-specific DNA binding","MF"
"269","GO:0001003",1,0.933609751872671,0,1,"RNA polymerase III type 2 promoter sequence-specific DNA binding","MF"
"270","GO:0001004",1,0.882598563982134,0,2,"RNA polymerase III transcription regulator recruiting activity","MF"
"271","GO:0001042",1,0.863626216240557,0,2,"RNA polymerase I core binding","MF"
"272","GO:0001054",1,0.871144114131023,0,1,"RNA polymerase I activity","MF"
"273","GO:0001055",1,0.78341539981041,0,3,"RNA polymerase II activity","MF"
"274","GO:0001056",1,0.788743607075129,0,2,"RNA polymerase III activity","MF"
"275","GO:0001085",1,0.929606780970651,0,1,"RNA polymerase II transcription factor binding","MF"
"276","GO:0001102",1,0.931229107656359,0,1,"RNA polymerase II activating transcription factor binding","MF"
"277","GO:0001181",1,0.863626216240557,0,2,"RNA polymerase I general transcription initiation factor activity","MF"
"278","GO:0001216",1,0.896257625194345,0,1,"bacterial-type RNA polymerase transcriptional activator activity, sequence-specific DNA binding","MF"
"279","GO:0001228",1,0.757836671100767,0,3,"DNA-binding transcription activator activity, RNA polymerase II-specific","MF"
"280","GO:0001653",1,0.868131735167541,0,2,"peptide receptor activity","MF"
"281","GO:0001664",1,0.863761076583928,0,2,"G protein-coupled receptor binding","MF"
"282","GO:0001671",1,0.793204076802939,0,2,"ATPase activator activity","MF"
"283","GO:0001872",1,0.752572114170597,0,3,"(1->3)-beta-D-glucan binding","MF"
"284","GO:0001882",1,0.955668746411926,0,1,"nucleoside binding","MF"
"285","GO:0002020",1,0.737483005955153,0,4,"protease binding","MF"
"286","GO:0002083",1,0.931134953979546,0,1,"4-hydroxybenzoate decaprenyltransferase activity","MF"
"287","GO:0003678",1,0.868863568323193,0,2,"DNA helicase activity","MF"
"288","GO:0003680",1,0.697063286335888,0,4,"AT DNA binding","MF"
"289","GO:0003684",1,0.701419729397195,0,4,"damaged DNA binding","MF"
"290","GO:0003688",1,0.955668746411926,0,1,"DNA replication origin binding","MF"
"291","GO:0003689",1,0.881328377049399,0,2,"DNA clamp loader activity","MF"
"292","GO:0003690",1,0.667100530933764,0,4,"double-stranded DNA binding","MF"
"293","GO:0003697",1,0.691022365423069,0,4,"single-stranded DNA binding","MF"
"294","GO:0003714",1,0.749271560985085,0,4,"transcription corepressor activity","MF"
"295","GO:0003724",1,0.919867375165205,0,1,"RNA helicase activity","MF"
"296","GO:0003725",1,0.751819655759662,0,3,"double-stranded RNA binding","MF"
"297","GO:0003727",1,0.80989691324567,0,3,"single-stranded RNA binding","MF"
"298","GO:0003730",1,0.915176330718748,0,1,"mRNA 3'-UTR binding","MF"
"299","GO:0003746",1,0.4768549065176,0,8,"translation elongation factor activity","MF"
"300","GO:0003747",1,0.828151929063973,0,2,"translation release factor activity","MF"
"301","GO:0003755",1,0.500851397107973,0,5,"peptidyl-prolyl cis-trans isomerase activity","MF"
"302","GO:0003756",1,0.666492130657196,0,5,"protein disulfide isomerase activity","MF"
"303","GO:0003825",1,0.92529258865729,0,1,"alpha,alpha-trehalose-phosphate synthase (UDP-forming) activity","MF"
"304","GO:0003830",1,0.720499669508898,0,3,"beta-1,4-mannosylglycoprotein 4-beta-N-acetylglucosaminyltransferase activity","MF"
"305","GO:0003839",1,0.890213398994027,0,1,"gamma-glutamylcyclotransferase activity","MF"
"306","GO:0003852",1,0.930560816054602,0,1,"2-isopropylmalate synthase activity","MF"
"307","GO:0003858",1,0.884055871767955,0,1,"3-hydroxybutyrate dehydrogenase activity","MF"
"308","GO:0003860",1,0.913921585734672,0,1,"3-hydroxyisobutyryl-CoA hydrolase activity","MF"
"309","GO:0003861",1,0.930611825996198,0,1,"3-isopropylmalate dehydratase activity","MF"
"310","GO:0003862",1,0.913358820112041,0,1,"3-isopropylmalate dehydrogenase activity","MF"
"311","GO:0003872",1,0.886103218326535,0,1,"6-phosphofructokinase activity","MF"
"312","GO:0003885",1,0.910655952564123,0,1,"D-arabinono-1,4-lactone oxidase activity","MF"
"313","GO:0003886",1,0.782100379210377,0,4,"DNA (cytosine-5-)-methyltransferase activity","MF"
"314","GO:0003887",1,0.753404103761656,0,4,"DNA-directed DNA polymerase activity","MF"
"315","GO:0003899",1,0.709287338725453,0,4,"DNA-directed 5'-3' RNA polymerase activity","MF"
"316","GO:0003906",1,0.886227243724808,0,2,"DNA-(apurinic or apyrimidinic site) endonuclease activity","MF"
"317","GO:0003914",1,0.925905843150247,0,1,"DNA (6-4) photolyase activity","MF"
"318","GO:0003916",1,0.895152385673717,0,2,"DNA topoisomerase activity","MF"
"319","GO:0003917",1,0.884680697426449,0,2,"DNA topoisomerase type I activity","MF"
"320","GO:0003918",1,0.870605136096138,0,2,"DNA topoisomerase type II (ATP-hydrolyzing) activity","MF"
"321","GO:0003923",1,0.913381803413538,0,1,"GPI-anchor transamidase activity","MF"
"322","GO:0003950",1,0.943373358796715,0,1,"NAD+ ADP-ribosyltransferase activity","MF"
"323","GO:0003951",1,0.750063191083256,0,4,"NAD+ kinase activity","MF"
"324","GO:0003954",1,0.728224713141714,0,3,"NADH dehydrogenase activity","MF"
"325","GO:0003958",1,0.93323484828528,0,1,"NADPH-hemoprotein reductase activity","MF"
"326","GO:0003959",1,0.852083330718694,0,1,"NADPH dehydrogenase activity","MF"
"327","GO:0003964",1,0.820500906370017,0,1,"RNA-directed DNA polymerase activity","MF"
"328","GO:0003968",1,0.871084537895181,0,2,"RNA-directed 5'-3' RNA polymerase activity","MF"
"329","GO:0003977",1,0.871635758550209,0,2,"UDP-N-acetylglucosamine diphosphorylase activity","MF"
"330","GO:0003978",1,0.854459357918896,0,2,"UDP-glucose 4-epimerase activity","MF"
"331","GO:0003984",1,0.793737356269995,0,3,"acetolactate synthase activity","MF"
"332","GO:0003989",1,0.762028686141701,0,4,"acetyl-CoA carboxylase activity","MF"
"333","GO:0003993",1,0.648299388173447,0,4,"acid phosphatase activity","MF"
"334","GO:0003994",1,0.941519953845302,0,1,"aconitate hydratase activity","MF"
"335","GO:0004003",1,0.761919082174876,0,3,"ATP-dependent DNA helicase activity","MF"
"336","GO:0004004",1,0.778445643499025,0,4,"ATP-dependent RNA helicase activity","MF"
"337","GO:0004012",1,0.865039416453018,0,2,"phospholipid-translocating ATPase activity","MF"
"338","GO:0004016",1,0.865172473913253,0,1,"adenylate cyclase activity","MF"
"339","GO:0004028",1,0.863672775667523,0,2,"3-chloroallyl aldehyde dehydrogenase activity","MF"
"340","GO:0004029",1,0.863672775667523,0,2,"aldehyde dehydrogenase (NAD) activity","MF"
"341","GO:0004034",1,0.909834600595608,0,1,"aldose 1-epimerase activity","MF"
"342","GO:0004042",1,0.923417400067424,0,1,"acetyl-CoA:L-glutamate N-acetyltransferase activity","MF"
"343","GO:0004045",1,0.708338111430169,0,3,"aminoacyl-tRNA hydrolase activity","MF"
"344","GO:0004049",1,0.907972160435837,0,1,"anthranilate synthase activity","MF"
"345","GO:0004067",1,0.875290148864353,0,1,"asparaginase activity","MF"
"346","GO:0004072",1,0.928155119112256,0,1,"aspartate kinase activity","MF"
"347","GO:0004075",1,0.903028856939307,0,2,"biotin carboxylase activity","MF"
"348","GO:0004084",1,0.849837847452775,0,2,"branched-chain-amino-acid transaminase activity","MF"
"349","GO:0004109",1,0.899583391802964,0,1,"coproporphyrinogen oxidase activity","MF"
"350","GO:0004121",1,0.921225055075794,0,1,"cystathionine beta-lyase activity","MF"
"351","GO:0004124",1,0.677422929269076,0,4,"cysteine synthase activity","MF"
"352","GO:0004127",1,0.888425256936789,0,1,"cytidylate kinase activity","MF"
"353","GO:0004129",1,0.803730921417698,0,2,"cytochrome-c oxidase activity","MF"
"354","GO:0004140",1,0.911827718380901,0,1,"dephospho-CoA kinase activity","MF"
"355","GO:0004143",1,0.750063191083256,0,4,"diacylglycerol kinase activity","MF"
"356","GO:0004160",1,0.929249805402067,0,1,"dihydroxy-acid dehydratase activity","MF"
"357","GO:0004161",1,0.741149987911577,0,2,"dimethylallyltranstransferase activity","MF"
"358","GO:0004174",1,0.925905843150247,0,1,"electron-transferring-flavoprotein dehydrogenase activity","MF"
"359","GO:0004175",1,0.863655770170855,0,1,"endopeptidase activity","MF"
"360","GO:0004176",1,0.94987992934589,0,1,"ATP-dependent peptidase activity","MF"
"361","GO:0004177",1,0.918639380535127,0,1,"aminopeptidase activity","MF"
"362","GO:0004185",1,0.624484398680521,0,6,"serine-type carboxypeptidase activity","MF"
"363","GO:0004197",1,0.515196505556862,0,7,"cysteine-type endopeptidase activity","MF"
"364","GO:0004198",1,0.970416558071043,0,1,"calcium-dependent cysteine-type endopeptidase activity","MF"
"365","GO:0004222",1,0.831519735676682,0,3,"metalloendopeptidase activity","MF"
"366","GO:0004252",1,0.661367156895966,0,5,"serine-type endopeptidase activity","MF"
"367","GO:0004298",1,0.904195446306069,0,1,"threonine-type endopeptidase activity","MF"
"368","GO:0004311",1,0.741149987911577,0,2,"farnesyltranstransferase activity","MF"
"369","GO:0004312",1,0.917983215794731,0,1,"fatty acid synthase activity","MF"
"370","GO:0004315",1,0.917983215794731,0,1,"3-oxoacyl-[acyl-carrier-protein] synthase activity","MF"
"371","GO:0004320",1,0.905051575603037,0,1,"oleoyl-[acyl-carrier-protein] hydrolase activity","MF"
"372","GO:0004328",1,0.820008015158677,0,2,"formamidase activity","MF"
"373","GO:0004329",1,0.921435494200614,0,1,"formate-tetrahydrofolate ligase activity","MF"
"374","GO:0004332",1,0.832839143235669,0,2,"fructose-bisphosphate aldolase activity","MF"
"375","GO:0004333",1,0.929331901932572,0,1,"fumarate hydratase activity","MF"
"376","GO:0004335",1,0.795624924610681,0,3,"galactokinase activity","MF"
"377","GO:0004337",1,0.741149987911577,0,2,"geranyltranstransferase activity","MF"
"378","GO:0004340",1,0.925014364662736,0,1,"glucokinase activity","MF"
"379","GO:0004345",1,0.92301772062507,0,1,"glucose-6-phosphate dehydrogenase activity","MF"
"380","GO:0004347",1,0.931033455155904,0,1,"glucose-6-phosphate isomerase activity","MF"
"381","GO:0004356",1,0.93432002090213,0,1,"glutamate-ammonia ligase activity","MF"
"382","GO:0004357",1,0.933092983055536,0,1,"glutamate-cysteine ligase activity","MF"
"383","GO:0004366",1,0.919817585787249,0,1,"glycerol-3-phosphate O-acyltransferase activity","MF"
"384","GO:0004367",1,0.841392001472996,0,2,"glycerol-3-phosphate dehydrogenase [NAD+] activity","MF"
"385","GO:0004375",1,0.847621020270528,0,1,"glycine dehydrogenase (decarboxylating) activity","MF"
"386","GO:0004385",1,0.916981688923235,0,1,"guanylate kinase activity","MF"
"387","GO:0004386",1,0.187715676496574,0,22,"helicase activity","MF"
"388","GO:0004396",1,0.925014364662736,0,1,"hexokinase activity","MF"
"389","GO:0004402",1,0.538471446752215,0,7,"histone acetyltransferase activity","MF"
"390","GO:0004407",1,0.947083548943532,0,1,"histone deacetylase activity","MF"
"391","GO:0004412",1,0.928964721399947,0,1,"homoserine dehydrogenase activity","MF"
"392","GO:0004416",1,0.846955724709828,0,2,"hydroxyacylglutathione hydrolase activity","MF"
"393","GO:0004418",1,0.90758336495772,0,1,"hydroxymethylbilane synthase activity","MF"
"394","GO:0004424",1,0.901718545367632,0,1,"imidazoleglycerol-phosphate dehydratase activity","MF"
"395","GO:0004430",1,0.950321899472454,0,1,"1-phosphatidylinositol 4-kinase activity","MF"
"396","GO:0004435",1,0.657002634154104,0,5,"phosphatidylinositol phospholipase C activity","MF"
"397","GO:0004439",1,0.75257045038846,0,4,"phosphatidylinositol-4,5-bisphosphate 5-phosphatase activity","MF"
"398","GO:0004467",1,0.927222403305193,0,1,"long-chain fatty acid-CoA ligase activity","MF"
"399","GO:0004470",1,0.808095367259802,0,3,"malic enzyme activity","MF"
"400","GO:0004471",1,0.808095367259802,0,3,"malate dehydrogenase (decarboxylating) (NAD+) activity","MF"
"401","GO:0004473",1,0.808095367259802,0,3,"malate dehydrogenase (decarboxylating) (NADP+) activity","MF"
"402","GO:0004477",1,0.921435494200614,0,1,"methenyltetrahydrofolate cyclohydrolase activity","MF"
"403","GO:0004488",1,0.921435494200614,0,1,"methylenetetrahydrofolate dehydrogenase (NADP+) activity","MF"
"404","GO:0004512",1,0.916554262934729,0,1,"inositol-3-phosphate synthase activity","MF"
"405","GO:0004518",1,0.698033961748887,0,4,"nuclease activity","MF"
"406","GO:0004519",1,0.542375950493811,0,7,"endonuclease activity","MF"
"407","GO:0004521",1,0.511098604553943,0,7,"endoribonuclease activity","MF"
"408","GO:0004523",1,0.854859718132562,0,2,"RNA-DNA hybrid ribonuclease activity","MF"
"409","GO:0004527",1,0.682852636909014,0,4,"exonuclease activity","MF"
"410","GO:0004528",1,0.921247321116866,0,1,"phosphodiesterase I activity","MF"
"411","GO:0004535",1,0.780375316287126,0,2,"poly(A)-specific ribonuclease activity","MF"
"412","GO:0004536",1,0.889322807305647,0,1,"deoxyribonuclease activity","MF"
"413","GO:0004556",1,0.947304907106655,0,1,"alpha-amylase activity","MF"
"414","GO:0004557",1,0.924124668961102,0,1,"alpha-galactosidase activity","MF"
"415","GO:0004559",1,0.878705307015964,0,2,"alpha-mannosidase activity","MF"
"416","GO:0004560",1,0.930626395370113,0,1,"alpha-L-fucosidase activity","MF"
"417","GO:0004563",1,0.941164778115133,0,1,"beta-N-acetylhexosaminidase activity","MF"
"418","GO:0004564",1,0.853729783167407,0,2,"beta-fructofuranosidase activity","MF"
"419","GO:0004568",1,0.907811081209134,0,1,"chitinase activity","MF"
"420","GO:0004571",1,0.930305341091917,0,1,"mannosyl-oligosaccharide 1,2-alpha-mannosidase activity","MF"
"421","GO:0004575",1,0.853729783167407,0,2,"sucrose alpha-glucosidase activity","MF"
"422","GO:0004582",1,0.895012178451146,0,1,"dolichyl-phosphate beta-D-mannosyltransferase activity","MF"
"423","GO:0004596",1,0.886001424005148,0,1,"peptide alpha-N-acetyltransferase activity","MF"
"424","GO:0004602",1,0.899882869006637,0,1,"glutathione peroxidase activity","MF"
"425","GO:0004605",1,0.914956003595403,0,1,"phosphatidate cytidylyltransferase activity","MF"
"426","GO:0004607",1,0.922285792070087,0,1,"phosphatidylcholine-sterol O-acyltransferase activity","MF"
"427","GO:0004616",1,0.765279769440501,0,2,"phosphogluconate dehydrogenase (decarboxylating) activity","MF"
"428","GO:0004617",1,0.836370782751446,0,2,"phosphoglycerate dehydrogenase activity","MF"
"429","GO:0004619",1,0.883282488379361,0,1,"phosphoglycerate mutase activity","MF"
"430","GO:0004623",1,0.879590490852757,0,1,"phospholipase A2 activity","MF"
"431","GO:0004629",1,0.769670097699746,0,3,"phospholipase C activity","MF"
"432","GO:0004630",1,0.886169194855899,0,2,"phospholipase D activity","MF"
"433","GO:0004634",1,0.926815006145023,0,1,"phosphopyruvate hydratase activity","MF"
"434","GO:0004637",1,0.905379179863021,0,1,"phosphoribosylamine-glycine ligase activity","MF"
"435","GO:0004639",1,0.922201447849047,0,1,"phosphoribosylaminoimidazolesuccinocarboxamide synthase activity","MF"
"436","GO:0004641",1,0.905379179863021,0,1,"phosphoribosylformylglycinamidine cyclo-ligase activity","MF"
"437","GO:0004652",1,0.939906083882923,0,1,"polynucleotide adenylyltransferase activity","MF"
"438","GO:0004655",1,0.924351241269322,0,1,"porphobilinogen synthase activity","MF"
"439","GO:0004656",1,0.907319943212046,0,1,"procollagen-proline 4-dioxygenase activity","MF"
"440","GO:0004663",1,0.916623873033506,0,1,"Rab geranylgeranyltransferase activity","MF"
"441","GO:0004665",1,0.909892536337657,0,1,"prephenate dehydrogenase (NADP+) activity","MF"
"442","GO:0004683",1,0.44175924668686,0,10,"calmodulin-dependent protein kinase activity","MF"
"443","GO:0004686",1,0.895012178451146,0,1,"elongation factor-2 kinase activity","MF"
"444","GO:0004694",1,0.961297557104061,0,1,"eukaryotic translation initiation factor 2alpha kinase activity","MF"
"445","GO:0004698",1,0.923427279249329,0,1,"calcium-dependent protein kinase C activity","MF"
"446","GO:0004707",1,0.656608053434933,0,5,"MAP kinase activity","MF"
"447","GO:0004708",1,0.797251086942032,0,2,"MAP kinase kinase activity","MF"
"448","GO:0004709",1,0.870724595669289,0,1,"MAP kinase kinase kinase activity","MF"
"449","GO:0004713",1,0.569152966771172,0,7,"protein tyrosine kinase activity","MF"
"450","GO:0004714",1,0.750470807101187,0,4,"transmembrane receptor protein tyrosine kinase activity","MF"
"451","GO:0004715",1,0.823193313894433,0,2,"non-membrane spanning protein tyrosine kinase activity","MF"
"452","GO:0004721",1,0.383938593742637,0,10,"phosphoprotein phosphatase activity","MF"
"453","GO:0004723",1,0.798425887885575,0,3,"calcium-dependent protein serine/threonine phosphatase activity","MF"
"454","GO:0004725",1,0.874029989307413,0,1,"protein tyrosine phosphatase activity","MF"
"455","GO:0004737",1,0.91164712509374,0,1,"pyruvate decarboxylase activity","MF"
"456","GO:0004743",1,0.924996268405101,0,1,"pyruvate kinase activity","MF"
"457","GO:0004750",1,0.912577585838369,0,1,"ribulose-phosphate 3-epimerase activity","MF"
"458","GO:0004758",1,0.922670896571461,0,1,"serine C-palmitoyltransferase activity","MF"
"459","GO:0004760",1,0.899497465503296,0,1,"serine-pyruvate transaminase activity","MF"
"460","GO:0004795",1,0.914690116679699,0,1,"threonine synthase activity","MF"
"461","GO:0004802",1,0.923348093427868,0,1,"transketolase activity","MF"
"462","GO:0004805",1,0.672632701991848,0,5,"trehalose-phosphatase activity","MF"
"463","GO:0004807",1,0.911980799280379,0,1,"triose-phosphate isomerase activity","MF"
"464","GO:0004812",1,0.871113700654968,0,2,"aminoacyl-tRNA ligase activity","MF"
"465","GO:0004815",1,0.914311877894343,0,1,"aspartate-tRNA ligase activity","MF"
"466","GO:0004816",1,0.914375744664254,0,1,"asparagine-tRNA ligase activity","MF"
"467","GO:0004820",1,0.955894568339974,0,1,"glycine-tRNA ligase activity","MF"
"468","GO:0004825",1,0.940983362998569,0,1,"methionine-tRNA ligase activity","MF"
"469","GO:0004827",1,0.923856671299471,0,1,"proline-tRNA ligase activity","MF"
"470","GO:0004828",1,0.911252794393618,0,1,"serine-tRNA ligase activity","MF"
"471","GO:0004843",1,0.959265105213715,0,1,"thiol-dependent ubiquitin-specific protease activity","MF"
"472","GO:0004845",1,0.86057471693659,0,2,"uracil phosphoribosyltransferase activity","MF"
"473","GO:0004849",1,0.86057471693659,0,2,"uridine kinase activity","MF"
"474","GO:0004851",1,0.914118261773669,0,1,"uroporphyrin-III C-methyltransferase activity","MF"
"475","GO:0004857",1,0.417511535246606,0,6,"enzyme inhibitor activity","MF"
"476","GO:0004861",1,0.85135605311848,0,1,"cyclin-dependent protein serine/threonine kinase inhibitor activity","MF"
"477","GO:0004864",1,0.709348359104381,0,2,"protein phosphatase inhibitor activity","MF"
"478","GO:0004930",1,0.847592844056246,0,2,"G protein-coupled receptor activity","MF"
"479","GO:0004970",1,0.858715198690399,0,2,"ionotropic glutamate receptor activity","MF"
"480","GO:0005048",1,0.844691997005247,0,2,"signal sequence binding","MF"
"481","GO:0005049",1,0.957031541704578,0,1,"nuclear export signal receptor activity","MF"
"482","GO:0005078",1,0.896211924350356,0,1,"MAP-kinase scaffold activity","MF"
"483","GO:0005080",1,0.896211924350356,0,1,"protein kinase C binding","MF"
"484","GO:0005089",1,0.709913253685843,0,4,"Rho guanyl-nucleotide exchange factor activity","MF"
"485","GO:0005092",1,0.919318802095468,0,1,"GDP-dissociation inhibitor activity","MF"
"486","GO:0005093",1,0.919318802095468,0,1,"Rab GDP-dissociation inhibitor activity","MF"
"487","GO:0005094",1,0.896984208435428,0,1,"Rho GDP-dissociation inhibitor activity","MF"
"488","GO:0005096",1,0.398293720107898,0,11,"GTPase activator activity","MF"
"489","GO:0005198",1,0.627790501321993,0,6,"structural molecule activity","MF"
"490","GO:0005200",1,0.675136212553359,0,4,"structural constituent of cytoskeleton","MF"
"491","GO:0005216",1,0.734973732260683,0,4,"ion channel activity","MF"
"492","GO:0005217",1,0.858715198690399,0,2,"intracellular ligand-gated ion channel activity","MF"
"493","GO:0005223",1,0.794145279618729,0,3,"intracellular cGMP-activated cation channel activity","MF"
"494","GO:0005227",1,0.801330058801364,0,3,"calcium activated cation channel activity","MF"
"495","GO:0005242",1,0.928030780551451,0,1,"inward rectifier potassium channel activity","MF"
"496","GO:0005244",1,0.854163022997321,0,1,"voltage-gated ion channel activity","MF"
"497","GO:0005245",1,0.943681197962861,0,1,"voltage-gated calcium channel activity","MF"
"498","GO:0005247",1,0.925041475401754,0,1,"voltage-gated chloride channel activity","MF"
"499","GO:0005249",1,0.636236694023956,0,6,"voltage-gated potassium channel activity","MF"
"500","GO:0005253",1,0.925041475401754,0,1,"anion channel activity","MF"
"501","GO:0005261",1,0.791800050976289,0,3,"cation channel activity","MF"
"502","GO:0005262",1,0.810681342161004,0,3,"calcium channel activity","MF"
"503","GO:0005272",1,0.923633497443131,0,1,"sodium channel activity","MF"
"504","GO:0005274",1,0.905773793624463,0,1,"allantoin:proton symporter activity","MF"
"505","GO:0005337",1,0.838779773423474,0,2,"nucleoside transmembrane transporter activity","MF"
"506","GO:0005338",1,0.923730870625801,0,1,"nucleotide-sugar transmembrane transporter activity","MF"
"507","GO:0005363",1,0.918930661750915,0,1,"maltose transmembrane transporter activity","MF"
"508","GO:0005366",1,0.924685841848912,0,1,"myo-inositol:proton symporter activity","MF"
"509","GO:0005381",1,0.764439584656552,0,3,"iron ion transmembrane transporter activity","MF"
"510","GO:0005384",1,0.780452471988582,0,3,"manganese ion transmembrane transporter activity","MF"
"511","GO:0005385",1,0.893791247372613,0,1,"zinc ion transmembrane transporter activity","MF"
"512","GO:0005432",1,0.924932789478506,0,1,"calcium:sodium antiporter activity","MF"
"513","GO:0005452",1,0.862874989099774,0,2,"inorganic anion exchanger activity","MF"
"514","GO:0005459",1,0.839882538964727,0,2,"UDP-galactose transmembrane transporter activity","MF"
"515","GO:0005464",1,0.923730870625801,0,1,"UDP-xylose transmembrane transporter activity","MF"
"516","GO:0005484",1,0.281633696434079,0,11,"SNAP receptor activity","MF"
"517","GO:0005496",1,0.932437630100939,0,1,"steroid binding","MF"
"518","GO:0005522",1,0.917598085201762,0,1,"profilin binding","MF"
"519","GO:0005528",1,0.786684645561917,0,2,"FK506 binding","MF"
"520","GO:0005534",1,0.853535757106207,0,2,"galactose binding","MF"
"521","GO:0005536",1,0.925014364662736,0,1,"glucose binding","MF"
"522","GO:0005543",1,0.758778970836696,0,3,"phospholipid binding","MF"
"523","GO:0005545",1,0.573636076136359,0,4,"1-phosphatidylinositol binding","MF"
"524","GO:0005546",1,0.792172334625658,0,2,"phosphatidylinositol-4,5-bisphosphate binding","MF"
"525","GO:0008022",1,0.941565046414192,0,1,"protein C-terminus binding","MF"
"526","GO:0008026",1,0.400560941608152,0,13,"ATP-dependent helicase activity","MF"
"527","GO:0008080",1,0.695100337795535,0,3,"N-acetyltransferase activity","MF"
"528","GO:0008097",1,0.911119096953164,0,1,"5S rRNA binding","MF"
"529","GO:0008113",1,0.873872504901943,0,1,"peptide-methionine (S)-S-oxide reductase activity","MF"
"530","GO:0008135",1,0.818861783017385,0,3,"translation factor activity, RNA binding","MF"
"531","GO:0008137",1,0.87172105650271,0,1,"NADH dehydrogenase (ubiquinone) activity","MF"
"532","GO:0008138",1,0.874029989307413,0,1,"protein tyrosine/serine/threonine phosphatase activity","MF"
"533","GO:0008139",1,0.942842794966446,0,1,"nuclear localization sequence binding","MF"
"534","GO:0008142",1,0.762120617500871,0,4,"oxysterol binding","MF"
"535","GO:0008168",1,0.0811228830882365,0,28,"methyltransferase activity","MF"
"536","GO:0008170",1,0.926608247280266,0,1,"N-methyltransferase activity","MF"
"537","GO:0008186",1,0.919867375165205,0,1,"RNA-dependent ATPase activity","MF"
"538","GO:0008187",1,0.928093026742952,0,1,"poly-pyrimidine tract binding","MF"
"539","GO:0008193",1,0.937377962021887,0,1,"tRNA guanylyltransferase activity","MF"
"540","GO:0008195",1,0.889867915447585,0,1,"phosphatidate phosphatase activity","MF"
"541","GO:0008200",1,0.835805924379203,0,1,"ion channel inhibitor activity","MF"
"542","GO:0008233",1,0.675966189480424,0,3,"peptidase activity","MF"
"543","GO:0008234",1,0.458008750261647,0,8,"cysteine-type peptidase activity","MF"
"544","GO:0008236",1,0.629185637846701,0,5,"serine-type peptidase activity","MF"
"545","GO:0008237",1,0.761547713157575,0,3,"metallopeptidase activity","MF"
"546","GO:0008239",1,0.937093166506818,0,1,"dipeptidyl-peptidase activity","MF"
"547","GO:0008251",1,0.934313015298245,0,1,"tRNA-specific adenosine deaminase activity","MF"
"548","GO:0008271",1,0.931971857362072,0,1,"secondary active sulfate transmembrane transporter activity","MF"
"549","GO:0008308",1,0.842088818821705,0,2,"voltage-gated anion channel activity","MF"
"550","GO:0008309",1,0.88271364392847,0,1,"double-stranded DNA exodeoxyribonuclease activity","MF"
"551","GO:0008311",1,0.921247321116866,0,1,"double-stranded DNA 3'-5' exodeoxyribonuclease activity","MF"
"552","GO:0008320",1,0.718675083336005,0,3,"protein transmembrane transporter activity","MF"
"553","GO:0008324",1,0.815560835724805,0,2,"cation transmembrane transporter activity","MF"
"554","GO:0008327",1,0.703895583177554,0,3,"methyl-CpG binding","MF"
"555","GO:0008353",1,0.756105248928503,0,4,"RNA polymerase II CTD heptapeptide repeat kinase activity","MF"
"556","GO:0008373",1,0.920634542954267,0,1,"sialyltransferase activity","MF"
"557","GO:0008375",1,0.426115539894153,0,8,"acetylglucosaminyltransferase activity","MF"
"558","GO:0008379",1,0.840127758769077,0,1,"thioredoxin peroxidase activity","MF"
"559","GO:0008381",1,0.862739585746164,0,2,"mechanosensitive ion channel activity","MF"
"560","GO:0008398",1,0.911199451709594,0,1,"sterol 14-demethylase activity","MF"
"561","GO:0008408",1,0.729644162568784,0,4,"3'-5' exonuclease activity","MF"
"562","GO:0008409",1,0.925750061369649,0,1,"5'-3' exonuclease activity","MF"
"563","GO:0008420",1,0.913009242288139,0,1,"RNA polymerase II CTD heptapeptide repeat phosphatase activity","MF"
"564","GO:0008429",1,0.862035637661165,0,1,"phosphatidylethanolamine binding","MF"
"565","GO:0008442",1,0.865695712782976,0,1,"3-hydroxyisobutyrate dehydrogenase activity","MF"
"566","GO:0008447",1,0.872743611116595,0,2,"L-ascorbate oxidase activity","MF"
"567","GO:0008455",1,0.890655934460919,0,1,"alpha-1,6-mannosylglycoprotein 2-beta-N-acetylglucosaminyltransferase activity","MF"
"568","GO:0008481",1,0.921402424670219,0,1,"sphinganine kinase activity","MF"
"569","GO:0008482",1,0.895058723758237,0,1,"sulfite oxidase activity","MF"
"570","GO:0008511",1,0.935924027080846,0,1,"sodium:potassium:chloride symporter activity","MF"
"571","GO:0008514",1,0.894591870590067,0,1,"organic anion transmembrane transporter activity","MF"
"572","GO:0008526",1,0.826511346092495,0,2,"phosphatidylinositol transporter activity","MF"
"573","GO:0008534",1,0.885338224589643,0,1,"oxidized purine nucleobase lesion DNA N-glycosylase activity","MF"
"574","GO:0008536",1,0.92475018914765,0,1,"Ran GTPase binding","MF"
"575","GO:0008553",1,0.726066678377449,0,5,"proton-exporting ATPase activity, phosphorylative mechanism","MF"
"576","GO:0008565",1,0.53270429901693,0,8,"protein transporter activity","MF"
"577","GO:0008569",1,0.947733718625199,0,1,"ATP-dependent microtubule motor activity, minus-end-directed","MF"
"578","GO:0008641",1,0.842865033510994,0,2,"ubiquitin-like modifier activating enzyme activity","MF"
"579","GO:0008650",1,0.851823551562767,0,1,"rRNA (uridine-2'-O-)-methyltransferase activity","MF"
"580","GO:0008661",1,0.92595748647954,0,1,"1-deoxy-D-xylulose-5-phosphate synthase activity","MF"
"581","GO:0008676",1,0.782592104389306,0,3,"3-deoxy-8-phosphooctulonate synthase activity","MF"
"582","GO:0008716",1,0.948189481099241,0,1,"D-alanine-D-alanine ligase activity","MF"
"583","GO:0008725",1,0.744433548905538,0,3,"DNA-3-methyladenine glycosylase activity","MF"
"584","GO:0008777",1,0.910179325672628,0,1,"acetylornithine deacetylase activity","MF"
"585","GO:0008782",1,0.897523288277199,0,1,"adenosylhomocysteine nucleosidase activity","MF"
"586","GO:0008798",1,0.875290148864353,0,1,"beta-aspartyl-peptidase activity","MF"
"587","GO:0008800",1,0.920634542954267,0,1,"beta-lactamase activity","MF"
"588","GO:0008802",1,0.930982665846526,0,1,"betaine-aldehyde dehydrogenase activity","MF"
"589","GO:0008832",1,0.931243584700542,0,1,"dGTPase activity","MF"
"590","GO:0008840",1,0.886103218326535,0,1,"4-hydroxy-tetrahydrodipicolinate synthase","MF"
"591","GO:0008859",1,0.936253768155842,0,1,"exoribonuclease II activity","MF"
"592","GO:0008865",1,0.925014364662736,0,1,"fructokinase activity","MF"
"593","GO:0008878",1,0.920887335138826,0,1,"glucose-1-phosphate adenylyltransferase activity","MF"
"594","GO:0008887",1,0.918265838790978,0,1,"glycerate kinase activity","MF"
"595","GO:0008889",1,0.930268778850078,0,1,"glycerophosphodiester phosphodiesterase activity","MF"
"596","GO:0008891",1,0.837821004582056,0,2,"glycolate oxidase activity","MF"
"597","GO:0008893",1,0.904458845905098,0,1,"guanosine-3',5'-bis(diphosphate) 3'-diphosphatase activity","MF"
"598","GO:0008898",1,0.827573290283542,0,2,"S-adenosylmethionine-homocysteine S-methyltransferase activity","MF"
"599","GO:0008909",1,0.92884394677152,0,1,"isochorismate synthase activity","MF"
"600","GO:0008930",1,0.897523288277199,0,1,"methylthioadenosine nucleosidase activity","MF"
"601","GO:0008936",1,0.830016114300715,0,1,"nicotinamidase activity","MF"
"602","GO:0008948",1,0.808095367259802,0,3,"oxaloacetate decarboxylase activity","MF"
"603","GO:0008962",1,0.873347616069063,0,1,"phosphatidylglycerophosphatase activity","MF"
"604","GO:0008964",1,0.870456531721135,0,2,"phosphoenolpyruvate carboxylase activity","MF"
"605","GO:0008970",1,0.70821703198035,0,4,"phospholipase A1 activity","MF"
"606","GO:0008977",1,0.909892536337657,0,1,"prephenate dehydrogenase (NAD+) activity","MF"
"607","GO:0009008",1,0.926608247280266,0,1,"DNA-methyltransferase activity","MF"
"608","GO:0009011",1,0.941307035215364,0,1,"starch synthase activity","MF"
"609","GO:0009374",1,0.907353057098921,0,1,"biotin binding","MF"
"610","GO:0009378",1,0.939517450185533,0,1,"four-way junction helicase activity","MF"
"611","GO:0009672",1,0.856629052188828,0,2,"auxin:proton symporter activity","MF"
"612","GO:0009815",1,0.703598942704986,0,3,"1-aminocyclopropane-1-carboxylate oxidase activity","MF"
"613","GO:0009824",1,0.881051731367621,0,1,"AMP dimethylallyltransferase activity","MF"
"614","GO:0009882",1,0.959967416202485,0,1,"blue light photoreceptor activity","MF"
"615","GO:0009899",1,0.931756115290856,0,1,"ent-kaurene synthase activity","MF"
"616","GO:0009918",1,0.927590505509007,0,1,"sterol delta7 reductase activity","MF"
"617","GO:0009927",1,0.885848612306081,0,1,"histidine phosphotransfer kinase activity","MF"
"618","GO:0009931",1,0.44175924668686,0,10,"calcium-dependent protein serine/threonine kinase activity","MF"
"619","GO:0009982",1,0.771113144515092,0,3,"pseudouridine synthase activity","MF"
"620","GO:0010011",1,0.93193593414957,0,1,"auxin binding","MF"
"621","GO:0010181",1,0.722426193920905,0,5,"FMN binding","MF"
"622","GO:0010210",1,0.904904622832421,0,1,"IAA-Phe conjugate hydrolase activity","MF"
"623","GO:0010211",1,0.904904622832421,0,1,"IAA-Leu conjugate hydrolase activity","MF"
"624","GO:0010283",1,0.847676913920803,0,2,"pinoresinol reductase activity","MF"
"625","GO:0010309",1,0.882143484107431,0,1,"acireductone dioxygenase [iron(II)-requiring] activity","MF"
"626","GO:0010326",1,0.910036531161259,0,1,"methionine-oxo-acid transaminase activity","MF"
"627","GO:0010328",1,0.815161274581774,0,3,"auxin influx transmembrane transporter activity","MF"
"628","GO:0010329",1,0.709570530336766,0,5,"auxin efflux transmembrane transporter activity","MF"
"629","GO:0010331",1,0.904645477361868,0,1,"gibberellin binding","MF"
"630","GO:0010385",1,0.913358820112041,0,1,"double-stranded methylated DNA binding","MF"
"631","GO:0010427",1,0.709348359104381,0,2,"abscisic acid binding","MF"
"632","GO:0010485",1,0.912722966108366,0,1,"H4 histone acetyltransferase activity","MF"
"633","GO:0010486",1,0.912504329196774,0,1,"manganese:proton antiporter activity","MF"
"634","GO:0010521",1,0.927084773212761,0,1,"telomerase inhibitor activity","MF"
"635","GO:0010945",1,0.904458845905098,0,1,"CoA pyrophosphatase activity","MF"
"636","GO:0010997",1,0.912081981674456,0,1,"anaphase-promoting complex binding","MF"
"637","GO:0015020",1,0.901060584622615,0,1,"glucuronosyltransferase activity","MF"
"638","GO:0015026",1,0.857854194004318,0,2,"coreceptor activity","MF"
"639","GO:0015035",1,0.340932327097547,0,8,"protein disulfide oxidoreductase activity","MF"
"640","GO:0015036",1,0.926790306101883,0,1,"disulfide oxidoreductase activity","MF"
"641","GO:0015075",1,0.940417098557308,0,1,"ion transmembrane transporter activity","MF"
"642","GO:0015079",1,0.80167988185391,0,3,"potassium ion transmembrane transporter activity","MF"
"643","GO:0015081",1,0.933227760130566,0,1,"sodium ion transmembrane transporter activity","MF"
"644","GO:0015085",1,0.931518236507244,0,1,"calcium ion transmembrane transporter activity","MF"
"645","GO:0015095",1,0.767712083195661,0,3,"magnesium ion transmembrane transporter activity","MF"
"646","GO:0015105",1,0.849124718602098,0,2,"arsenite transmembrane transporter activity","MF"
"647","GO:0015116",1,0.931971857362072,0,1,"sulfate transmembrane transporter activity","MF"
"648","GO:0015129",1,0.861983396050475,0,1,"lactate transmembrane transporter activity","MF"
"649","GO:0015145",1,0.893411543445138,0,1,"monosaccharide transmembrane transporter activity","MF"
"650","GO:0015165",1,0.894591870590067,0,1,"pyrimidine nucleotide-sugar transmembrane transporter activity","MF"
"651","GO:0015168",1,0.877600089233309,0,1,"glycerol transmembrane transporter activity","MF"
"652","GO:0015174",1,0.905161246452384,0,1,"basic amino acid transmembrane transporter activity","MF"
"653","GO:0015185",1,0.924181580355936,0,1,"gamma-aminobutyric acid transmembrane transporter activity","MF"
"654","GO:0015203",1,0.905161246452384,0,1,"polyamine transmembrane transporter activity","MF"
"655","GO:0015210",1,0.905773793624463,0,1,"uracil transmembrane transporter activity","MF"
"656","GO:0015220",1,0.924768532151577,0,1,"choline transmembrane transporter activity","MF"
"657","GO:0015247",1,0.922712045614437,0,1,"aminophospholipid transmembrane transporter activity","MF"
"658","GO:0015248",1,0.762120617500871,0,4,"sterol transporter activity","MF"
"659","GO:0015267",1,0.612482356882909,0,4,"channel activity","MF"
"660","GO:0015271",1,0.940417098557308,0,1,"outward rectifier potassium channel activity","MF"
"661","GO:0015299",1,0.932908236638278,0,1,"solute:proton antiporter activity","MF"
"662","GO:0015301",1,0.804146650402302,0,3,"anion:anion antiporter activity","MF"
"663","GO:0015368",1,0.926682924462525,0,1,"calcium:cation antiporter activity","MF"
"664","GO:0015369",1,0.857102173236443,0,2,"calcium:proton antiporter activity","MF"
"665","GO:0015377",1,0.935924027080846,0,1,"cation:chloride symporter activity","MF"
"666","GO:0015379",1,0.935924027080846,0,1,"potassium:chloride symporter activity","MF"
"667","GO:0015385",1,0.933227760130566,0,1,"sodium:proton antiporter activity","MF"
"668","GO:0015386",1,0.87060150947075,0,2,"potassium:proton antiporter activity","MF"
"669","GO:0015450",1,0.650315046864863,0,4,"P-P-bond-hydrolysis-driven protein transmembrane transporter activity","MF"
"670","GO:0015491",1,0.926682924462525,0,1,"cation:cation antiporter activity","MF"
"671","GO:0015505",1,0.905773793624463,0,1,"uracil:cation symporter activity","MF"
"672","GO:0015616",1,0.944087677727053,0,1,"DNA translocase activity","MF"
"673","GO:0015631",1,0.899797505859184,0,1,"tubulin binding","MF"
"674","GO:0015662",1,0.877227892691392,0,2,"ATPase activity, coupled to transmembrane movement of ions, phosphorylative mechanism","MF"
"675","GO:0015929",1,0.941164778115133,0,1,"hexosaminidase activity","MF"
"676","GO:0016004",1,0.905738185636195,0,1,"phospholipase activator activity","MF"
"677","GO:0016018",1,0.636882026258634,0,3,"cyclosporin A binding","MF"
"678","GO:0016034",1,0.884313031276632,0,1,"maleylacetoacetate isomerase activity","MF"
"679","GO:0016040",1,0.962599361928385,0,1,"glutamate synthase (NADH) activity","MF"
"680","GO:0016149",1,0.886712598966344,0,1,"translation release factor activity, codon specific","MF"
"681","GO:0016151",1,0.760616904390402,0,2,"nickel cation binding","MF"
"682","GO:0016157",1,0.933305700276921,0,1,"sucrose synthase activity","MF"
"683","GO:0016161",1,0.920376613691187,0,1,"beta-amylase activity","MF"
"684","GO:0016166",1,0.934850883793484,0,1,"phytoene dehydrogenase activity","MF"
"685","GO:0016168",1,0.864597050646139,0,1,"chlorophyll binding","MF"
"686","GO:0016207",1,0.843823578509543,0,2,"4-coumarate-CoA ligase activity","MF"
"687","GO:0016209",1,0.840127758769077,0,1,"antioxidant activity","MF"
"688","GO:0016279",1,0.922567614375902,0,1,"protein-lysine N-methyltransferase activity","MF"
"689","GO:0016295",1,0.905051575603037,0,1,"myristoyl-[acyl-carrier-protein] hydrolase activity","MF"
"690","GO:0016296",1,0.905051575603037,0,1,"palmitoyl-[acyl-carrier-protein] hydrolase activity","MF"
"691","GO:0016297",1,0.766809406772806,0,3,"acyl-[acyl-carrier-protein] hydrolase activity","MF"
"692","GO:0016308",1,0.684660257439313,0,6,"1-phosphatidylinositol-4-phosphate 5-kinase activity","MF"
"693","GO:0016464",1,0.94987992934589,0,1,"chloroplast protein-transporting ATPase activity","MF"
"694","GO:0016597",1,0.828265352587366,0,2,"amino acid binding","MF"
"695","GO:0016616",1,0.907517828065824,0,1,"oxidoreductase activity, acting on the CH-OH group of donors, NAD or NADP as acceptor","MF"
"696","GO:0016620",1,0.88089545042695,0,1,"oxidoreductase activity, acting on the aldehyde or oxo group of donors, NAD or NADP as acceptor","MF"
"697","GO:0016621",1,0.907517828065824,0,1,"cinnamoyl-CoA reductase activity","MF"
"698","GO:0016627",1,0.867565547030318,0,2,"oxidoreductase activity, acting on the CH-CH group of donors","MF"
"699","GO:0016628",1,0.851605412633735,0,2,"oxidoreductase activity, acting on the CH-CH group of donors, NAD or NADP as acceptor","MF"
"700","GO:0016651",1,0.901473122812918,0,1,"oxidoreductase activity, acting on NAD(P)H","MF"
"701","GO:0016652",1,0.808095367259802,0,3,"oxidoreductase activity, acting on NAD(P)H, NAD(P) as acceptor","MF"
"702","GO:0016655",1,0.855620311834355,0,1,"oxidoreductase activity, acting on NAD(P)H, quinone or similar compound as acceptor","MF"
"703","GO:0016671",1,0.920003082146502,0,1,"oxidoreductase activity, acting on a sulfur group of donors, disulfide as acceptor","MF"
"704","GO:0016688",1,0.913699411473029,0,1,"L-ascorbate peroxidase activity","MF"
"705","GO:0016765",1,0.931134953979546,0,1,"transferase activity, transferring alkyl or aryl (other than methyl) groups","MF"
"706","GO:0016772",1,0.889024373232408,0,1,"transferase activity, transferring phosphorus-containing groups","MF"
"707","GO:0016773",1,0.924332468903947,0,1,"phosphotransferase activity, alcohol group as acceptor","MF"
"708","GO:0016779",1,0.765972074452342,0,4,"nucleotidyltransferase activity","MF"
"709","GO:0016791",1,0.73640733838233,0,3,"phosphatase activity","MF"
"710","GO:0016799",1,0.833184815225214,0,2,"hydrolase activity, hydrolyzing N-glycosyl compounds","MF"
"711","GO:0016811",1,0.827906494971902,0,2,"hydrolase activity, acting on carbon-nitrogen (but not peptide) bonds, in linear amides","MF"
"712","GO:0016830",1,0.930283405939315,0,1,"carbon-carbon lyase activity","MF"
"713","GO:0016831",1,0.904233224980324,0,1,"carboxy-lyase activity","MF"
"714","GO:0016832",1,0.916675771023577,0,1,"aldehyde-lyase activity","MF"
"715","GO:0016836",1,0.929249805402067,0,1,"hydro-lyase activity","MF"
"716","GO:0016846",1,0.828337460832814,0,2,"carbon-sulfur lyase activity","MF"
"717","GO:0016847",1,0.90534298860215,0,1,"1-aminocyclopropane-1-carboxylate synthase activity","MF"
"718","GO:0016852",1,0.88615409119907,0,1,"sirohydrochlorin cobaltochelatase activity","MF"
"719","GO:0016855",1,0.914813582235275,0,1,"racemase and epimerase activity, acting on amino acids and derivatives","MF"
"720","GO:0016866",1,0.931033455155904,0,1,"intramolecular transferase activity","MF"
"721","GO:0016874",1,0.34769156975975,0,12,"ligase activity","MF"
"722","GO:0016881",1,0.785467486855684,0,2,"acid-amino acid ligase activity","MF"
"723","GO:0016889",1,0.918396821630543,0,1,"endodeoxyribonuclease activity, producing 3'-phosphomonoesters","MF"
"724","GO:0016899",1,0.88757161473541,0,1,"oxidoreductase activity, acting on the CH-OH group of donors, oxygen as acceptor","MF"
"725","GO:0016906",1,0.935530872273497,0,1,"sterol 3-beta-glucosyltransferase activity","MF"
"726","GO:0016984",1,0.867109046734795,0,1,"ribulose-bisphosphate carboxylase activity","MF"
"727","GO:0016992",1,0.911853341276593,0,1,"lipoate synthase activity","MF"
"728","GO:0017022",1,0.847030093090696,0,2,"myosin binding","MF"
"729","GO:0017025",1,0.783820386622592,0,3,"TBP-class protein binding","MF"
"730","GO:0017046",1,0.934109620137535,0,1,"peptide hormone binding","MF"
"731","GO:0017050",1,0.86508441479465,0,2,"D-erythro-sphingosine kinase activity","MF"
"732","GO:0017076",1,0.955668746411926,0,1,"purine nucleotide binding","MF"
"733","GO:0017077",1,0.918681545340527,0,1,"oxidative phosphorylation uncoupler activity","MF"
"734","GO:0017091",1,0.917343264972468,0,1,"AU-rich element binding","MF"
"735","GO:0017108",1,0.875815311239876,0,1,"5'-flap endonuclease activity","MF"
"736","GO:0017110",1,0.908447603558522,0,1,"nucleoside-diphosphatase activity","MF"
"737","GO:0017112",1,0.838671244221786,0,2,"Rab guanyl-nucleotide exchange factor activity","MF"
"738","GO:0017118",1,0.836884997350702,0,1,"lipoyltransferase activity","MF"
"739","GO:0017137",1,0.608523741707341,0,6,"Rab GTPase binding","MF"
"740","GO:0017151",1,0.928030780551451,0,1,"DEAD/H-box RNA helicase binding","MF"
"741","GO:0017176",1,0.920149178180739,0,1,"phosphatidylinositol N-acetylglucosaminyltransferase activity","MF"
"742","GO:0018024",1,0.865160598575179,0,2,"histone-lysine N-methyltransferase activity","MF"
"743","GO:0018423",1,0.920517981818934,0,1,"protein C-terminal leucine carboxyl O-methyltransferase activity","MF"
"744","GO:0018685",1,0.894357292017126,0,1,"alkane 1-monooxygenase activity","MF"
"745","GO:0019003",1,0.886001424005148,0,1,"GDP binding","MF"
"746","GO:0019104",1,0.961997204440912,0,1,"DNA N-glycosylase activity","MF"
"747","GO:0019139",1,0.909214482192787,0,1,"cytokinin dehydrogenase activity","MF"
"748","GO:0019146",1,0.876497949458711,0,1,"arabinose-5-phosphate isomerase activity","MF"
"749","GO:0019156",1,0.947304907106655,0,1,"isoamylase activity","MF"
"750","GO:0019158",1,0.925014364662736,0,1,"mannokinase activity","MF"
"751","GO:0019199",1,0.863596801512696,0,2,"transmembrane receptor protein kinase activity","MF"
"752","GO:0019207",1,0.899797505859184,0,1,"kinase regulator activity","MF"
"753","GO:0019210",1,0.861565510646821,0,1,"kinase inhibitor activity","MF"
"754","GO:0019706",1,0.845226378247664,0,2,"protein-cysteine S-palmitoyltransferase activity","MF"
"755","GO:0019781",1,0.918013365345885,0,1,"NEDD8 activating enzyme activity","MF"
"756","GO:0019784",1,0.927133450220529,0,1,"NEDD8-specific protease activity","MF"
"757","GO:0019789",1,0.941358703295094,0,1,"SUMO transferase activity","MF"
"758","GO:0019808",1,0.917784882708948,0,1,"polyamine binding","MF"
"759","GO:0019829",1,0.935710420002672,0,1,"cation-transporting ATPase activity","MF"
"760","GO:0019843",1,0.563420716040738,0,5,"rRNA binding","MF"
"761","GO:0019887",1,0.833935425026735,0,2,"protein kinase regulator activity","MF"
"762","GO:0019899",1,0.747300665194736,0,3,"enzyme binding","MF"
"763","GO:0019900",1,0.689152308033416,0,4,"kinase binding","MF"
"764","GO:0019903",1,0.917065034402396,0,1,"protein phosphatase binding","MF"
"765","GO:0019904",1,0.660272072550777,0,4,"protein domain specific binding","MF"
"766","GO:0019905",1,0.946009139345932,0,1,"syntaxin binding","MF"
"767","GO:0030145",1,0.839303426091519,0,1,"manganese ion binding","MF"
"768","GO:0030151",1,0.895058723758237,0,1,"molybdenum ion binding","MF"
"769","GO:0030267",1,0.884055871767955,0,1,"glyoxylate reductase (NADP) activity","MF"
"770","GO:0030276",1,0.565015635473588,0,8,"clathrin binding","MF"
"771","GO:0030374",1,0.951349554001867,0,1,"nuclear receptor transcription coactivator activity","MF"
"772","GO:0030515",1,0.849838480616063,0,2,"snoRNA binding","MF"
"773","GO:0030544",1,0.797606047433556,0,2,"Hsp70 protein binding","MF"
"774","GO:0030551",1,0.693158633868398,0,5,"cyclic nucleotide binding","MF"
"775","GO:0030552",1,0.678140348263981,0,5,"cAMP binding","MF"
"776","GO:0030553",1,0.678140348263981,0,5,"cGMP binding","MF"
"777","GO:0030570",1,0.722626212038646,0,4,"pectate lyase activity","MF"
"778","GO:0030626",1,0.922977261133303,0,1,"U12 snRNA binding","MF"
"779","GO:0030628",1,0.776282615181837,0,3,"pre-mRNA 3'-splice site binding","MF"
"780","GO:0030674",1,0.812529000418969,0,3,"protein binding, bridging","MF"
"781","GO:0030742",1,0.912157413765769,0,1,"GTP-dependent protein binding","MF"
"782","GO:0030744",1,0.912430692615766,0,1,"luteolin O-methyltransferase activity","MF"
"783","GO:0030755",1,0.912430692615766,0,1,"quercetin 3-O-methyltransferase activity","MF"
"784","GO:0030794",1,0.918133015054601,0,1,"(S)-coclaurine-N-methyltransferase activity","MF"
"785","GO:0030955",1,0.924996268405101,0,1,"potassium ion binding","MF"
"786","GO:0030976",1,0.868188832279165,0,2,"thiamine pyrophosphate binding","MF"
"787","GO:0031072",1,0.919318802095468,0,1,"heat shock protein binding","MF"
"788","GO:0031386",1,0.584029716163517,0,3,"protein tag","MF"
"789","GO:0031418",1,0.638317984972448,0,4,"L-ascorbic acid binding","MF"
"790","GO:0031490",1,0.743627701162509,0,3,"chromatin DNA binding","MF"
"791","GO:0031491",1,0.818274509122171,0,3,"nucleosome binding","MF"
"792","GO:0031593",1,0.921578123654343,0,1,"polyubiquitin modification-dependent protein binding","MF"
"793","GO:0031624",1,0.5906554186708,0,6,"ubiquitin conjugating enzyme binding","MF"
"794","GO:0031625",1,0.325932311007376,0,8,"ubiquitin protein ligase binding","MF"
"795","GO:0031683",1,0.863761076583928,0,2,"G-protein beta/gamma-subunit complex binding","MF"
"796","GO:0032050",1,0.632933416259949,0,4,"clathrin heavy chain binding","MF"
"797","GO:0032454",1,0.873525461513757,0,2,"histone demethylase activity (H3-K9 specific)","MF"
"798","GO:0032549",1,0.899339451375021,0,2,"ribonucleoside binding","MF"
"799","GO:0032791",1,0.911065299235567,0,1,"lead ion binding","MF"
"800","GO:0032794",1,0.870567292964823,0,1,"GTPase activating protein binding","MF"
"801","GO:0032934",1,0.762120617500871,0,4,"sterol binding","MF"
"802","GO:0032977",1,0.918903303292353,0,1,"membrane insertase activity","MF"
"803","GO:0033188",1,0.911199451709594,0,1,"sphingomyelin synthase activity","MF"
"804","GO:0033549",1,0.874029989307413,0,1,"MAP kinase phosphatase activity","MF"
"805","GO:0033730",1,0.909892536337657,0,1,"arogenate dehydrogenase (NADP+) activity","MF"
"806","GO:0033744",1,0.873872504901943,0,1,"L-methionine:thioredoxin-disulfide S-oxidoreductase activity","MF"
"807","GO:0033799",1,0.912430692615766,0,1,"myricetin 3'-O-methyltransferase activity","MF"
"808","GO:0033857",1,0.96153024308185,0,1,"diphosphoinositol-pentakisphosphate kinase activity","MF"
"809","GO:0033947",1,0.931763314536696,0,1,"mannosylglycoprotein endo-beta-mannosidase activity","MF"
"810","GO:0034039",1,0.885338224589643,0,1,"8-oxo-7,8-dihydroguanine DNA N-glycosylase activity","MF"
"811","GO:0034450",1,0.942404284130853,0,1,"ubiquitin-ubiquitin ligase activity","MF"
"812","GO:0034459",1,0.690737174700468,0,6,"ATP-dependent 3'-5' RNA helicase activity","MF"
"813","GO:0034485",1,0.847658420154497,0,2,"phosphatidylinositol-3,4,5-trisphosphate 5-phosphatase activity","MF"
"814","GO:0034595",1,0.925247998629571,0,1,"phosphatidylinositol phosphate 5-phosphatase activity","MF"
"815","GO:0035035",1,0.883643746393184,0,1,"histone acetyltransferase binding","MF"
"816","GO:0035064",1,0.710706457576029,0,4,"methylated histone binding","MF"
"817","GO:0035091",1,0.40039422333419,0,11,"phosphatidylinositol binding","MF"
"818","GO:0035197",1,0.82882050199027,0,3,"siRNA binding","MF"
"819","GO:0035198",1,0.946554349190165,0,1,"miRNA binding","MF"
"820","GO:0035529",1,0.819285154982365,0,2,"NADH pyrophosphatase activity","MF"
"821","GO:0035598",1,0.924722639748864,0,1,"N6-threonylcarbomyladenosine methylthiotransferase activity","MF"
"822","GO:0035614",1,0.907353057098921,0,1,"snRNA stem-loop binding","MF"
"823","GO:0035615",1,0.959991809363729,0,1,"clathrin adaptor activity","MF"
"824","GO:0035671",1,0.88492883071715,0,1,"enone reductase activity","MF"
"825","GO:0035925",1,0.777635749252038,0,3,"mRNA 3'-UTR AU-rich region binding","MF"
"826","GO:0036002",1,0.913335796870444,0,1,"pre-mRNA binding","MF"
"827","GO:0036361",1,0.914813582235275,0,1,"racemase activity, acting on amino acids and derivatives","MF"
"828","GO:0036456",1,0.873872504901943,0,1,"L-methionine-(S)-S-oxide reductase activity","MF"
"829","GO:0036459",1,0.959265105213715,0,1,"thiol-dependent ubiquitinyl hydrolase activity","MF"
"830","GO:0038023",1,0.513604699843181,0,4,"signaling receptor activity","MF"
"831","GO:0038187",1,0.926599932626797,0,1,"pattern recognition receptor activity","MF"
"832","GO:0042162",1,0.868560980775504,0,2,"telomeric DNA binding","MF"
"833","GO:0042277",1,0.861021527175707,0,2,"peptide binding","MF"
"834","GO:0042300",1,0.835600493695333,0,1,"beta-amyrin synthase activity","MF"
"835","GO:0042393",1,0.429502806433309,0,11,"histone binding","MF"
"836","GO:0042623",1,0.919318802095468,0,1,"ATPase activity, coupled","MF"
"837","GO:0042781",1,0.910093792571729,0,1,"3'-tRNA processing endoribonuclease activity","MF"
"838","GO:0042803",1,0.101128430258041,0,23,"protein homodimerization activity","MF"
"839","GO:0042834",1,0.904941438440925,0,1,"peptidoglycan binding","MF"
"840","GO:0042937",1,0.919842510476805,0,1,"tripeptide transmembrane transporter activity","MF"
"841","GO:0043015",1,0.881887074135307,0,2,"gamma-tubulin binding","MF"
"842","GO:0043022",1,0.833800768049688,0,2,"ribosome binding","MF"
"843","GO:0043024",1,0.854282018893407,0,2,"ribosomal small subunit binding","MF"
"844","GO:0043047",1,0.85959707530178,0,2,"single-stranded telomeric DNA binding","MF"
"845","GO:0043138",1,0.880051193713671,0,2,"3'-5' DNA helicase activity","MF"
"846","GO:0043140",1,0.939517450185533,0,1,"ATP-dependent 3'-5' DNA helicase activity","MF"
"847","GO:0043141",1,0.880843340542244,0,1,"ATP-dependent 5'-3' DNA helicase activity","MF"
"848","GO:0043424",1,0.774868950265203,0,2,"protein histidine kinase binding","MF"
"849","GO:0043425",1,0.83050789156668,0,2,"bHLH transcription factor binding","MF"
"850","GO:0043495",1,0.831597408298298,0,2,"protein membrane anchor","MF"
"851","GO:0043546",1,0.895058723758237,0,1,"molybdopterin cofactor binding","MF"
"852","GO:0043765",1,0.806564427286986,0,2,"T/G mismatch-specific endonuclease activity","MF"
"853","GO:0043783",1,0.925905843150247,0,1,"oxidoreductase activity, oxidizing metal ions with flavin as acceptor","MF"
"854","GO:0043878",1,0.927717140295535,0,1,"glyceraldehyde-3-phosphate dehydrogenase (NAD+) (non-phosphorylating) activity","MF"
"855","GO:0043995",1,0.836820585396875,0,2,"histone acetyltransferase activity (H4-K5 specific)","MF"
"856","GO:0043996",1,0.91686382342322,0,1,"histone acetyltransferase activity (H4-K8 specific)","MF"
"857","GO:0044183",1,0.796300026894028,0,2,"protein binding involved in protein folding","MF"
"858","GO:0044390",1,0.90927447707346,0,1,"ubiquitin-like protein conjugating enzyme binding","MF"
"859","GO:0045140",1,0.911199451709594,0,1,"inositol phosphoceramide synthase activity","MF"
"860","GO:0045156",1,0.864597050646139,0,1,"electron transporter, transferring electrons within the cyclic electron transport pathway of photosynthesis activity","MF"
"861","GO:0045174",1,0.854163022997321,0,1,"glutathione dehydrogenase (ascorbate) activity","MF"
"862","GO:0045309",1,0.660272072550777,0,4,"protein phosphorylated amino acid binding","MF"
"863","GO:0045431",1,0.758124389125807,0,2,"flavonol synthase activity","MF"
"864","GO:0045505",1,0.897029326169148,0,1,"dynein intermediate chain binding","MF"
"865","GO:0046406",1,0.861983396050475,0,1,"magnesium protoporphyrin IX methyltransferase activity","MF"
"866","GO:0046429",1,0.934039379537103,0,1,"4-hydroxy-3-methylbut-2-en-1-yl diphosphate synthase activity","MF"
"867","GO:0046527",1,0.930859209599907,0,1,"glucosyltransferase activity","MF"
"868","GO:0046556",1,0.930261464191957,0,1,"alpha-L-arabinofuranosidase activity","MF"
"869","GO:0046577",1,0.925845414109861,0,1,"long-chain-alcohol oxidase activity","MF"
"870","GO:0046592",1,0.922254208470972,0,1,"polyamine oxidase activity","MF"
"871","GO:0046715",1,0.759364798976864,0,3,"active borate transmembrane transporter activity","MF"
"872","GO:0046873",1,0.625217559850901,0,5,"metal ion transmembrane transporter activity","MF"
"873","GO:0046914",1,0.913699411473029,0,1,"transition metal ion binding","MF"
"874","GO:0046921",1,0.909154288383616,0,1,"alpha-(1->6)-fucosyltransferase activity","MF"
"875","GO:0046933",1,0.777831967500031,0,2,"proton-transporting ATP synthase activity, rotational mechanism","MF"
"876","GO:0046961",1,0.935149875616399,0,1,"proton-transporting ATPase activity, rotational mechanism","MF"
"877","GO:0046972",1,0.91686382342322,0,1,"histone acetyltransferase activity (H4-K16 specific)","MF"
"878","GO:0046975",1,0.920853140027309,0,1,"histone methyltransferase activity (H3-K36 specific)","MF"
"879","GO:0047134",1,0.909659628754569,0,1,"protein-disulfide reductase activity","MF"
"880","GO:0047150",1,0.827573290283542,0,2,"betaine-homocysteine S-methyltransferase activity","MF"
"881","GO:0047196",1,0.853642859702013,0,1,"long-chain-alcohol O-fatty-acyltransferase activity","MF"
"882","GO:0047209",1,0.884826337156679,0,1,"coniferyl-alcohol glucosyltransferase activity","MF"
"883","GO:0047216",1,0.698108920406556,0,3,"inositol 3-alpha-galactosyltransferase activity","MF"
"884","GO:0047218",1,0.884826337156679,0,1,"hydroxycinnamate 4-beta-glucosyltransferase activity","MF"
"885","GO:0047259",1,0.925966080063107,0,1,"glucomannan 4-beta-mannosyltransferase activity","MF"
"886","GO:0047262",1,0.41671628795956,0,8,"polygalacturonate 4-alpha-galacturonosyltransferase activity","MF"
"887","GO:0047274",1,0.929754627008685,0,1,"galactinol-sucrose galactosyltransferase activity","MF"
"888","GO:0047293",1,0.931134953979546,0,1,"4-hydroxybenzoate nonaprenyltransferase activity","MF"
"889","GO:0047326",1,0.891826473135593,0,1,"inositol tetrakisphosphate 5-kinase activity","MF"
"890","GO:0047334",1,0.929062519234126,0,1,"diphosphate-fructose-6-phosphate 1-phosphotransferase activity","MF"
"891","GO:0047341",1,0.932187112907814,0,1,"fucose-1-phosphate guanylyltransferase activity","MF"
"892","GO:0047493",1,0.911199451709594,0,1,"ceramide cholinephosphotransferase activity","MF"
"893","GO:0047513",1,0.930626395370113,0,1,"1,2-alpha-L-fucosidase activity","MF"
"894","GO:0047598",1,0.927590505509007,0,1,"7-dehydrocholesterol reductase activity","MF"
"895","GO:0047617",1,0.91539248231642,0,1,"acyl-CoA hydrolase activity","MF"
"896","GO:0047621",1,0.898847985916124,0,1,"acylpyruvate hydrolase activity","MF"
"897","GO:0047631",1,0.908447603558522,0,1,"ADP-ribose diphosphatase activity","MF"
"898","GO:0047661",1,0.900935980510586,0,1,"amino-acid racemase activity","MF"
"899","GO:0047714",1,0.767948215248901,0,3,"galactolipase activity","MF"
"900","GO:0047763",1,0.912430692615766,0,1,"caffeate O-methyltransferase activity","MF"
"901","GO:0047787",1,0.88492883071715,0,1,"delta4-3-oxosteroid 5beta-reductase activity","MF"
"902","GO:0047804",1,0.921225055075794,0,1,"cysteine-S-conjugate beta-lyase activity","MF"
"903","GO:0047807",1,0.886813925423353,0,1,"cytokinin 7-beta-glucosyltransferase activity","MF"
"904","GO:0047874",1,0.889867915447585,0,1,"dolichyldiphosphatase activity","MF"
"905","GO:0047889",1,0.913586866295147,0,1,"ferredoxin-nitrate reductase activity","MF"
"906","GO:0047912",1,0.924332468903947,0,1,"galacturonokinase activity","MF"
"907","GO:0048029",1,0.931033455155904,0,1,"monosaccharide binding","MF"
"908","GO:0048039",1,0.925905843150247,0,1,"ubiquinone binding","MF"
"909","GO:0048040",1,0.761833997992975,0,2,"UDP-glucuronate decarboxylase activity","MF"
"910","GO:0048307",1,0.913586866295147,0,1,"ferredoxin-nitrite reductase activity","MF"
"911","GO:0048365",1,0.896984208435428,0,1,"Rac GTPase binding","MF"
"912","GO:0048487",1,0.867632716720754,0,1,"beta-tubulin binding","MF"
"913","GO:0048531",1,0.90377661160121,0,1,"beta-1,3-galactosyltransferase activity","MF"
"914","GO:0050017",1,0.810982751944388,0,2,"L-3-cyanoalanine synthase activity","MF"
"915","GO:0050062",1,0.867565547030318,0,2,"long-chain-fatty-acyl-CoA reductase activity","MF"
"916","GO:0050105",1,0.910655952564123,0,1,"L-gulonolactone oxidase activity","MF"
"917","GO:0050113",1,0.917455572811968,0,1,"inositol oxygenase activity","MF"
"918","GO:0050201",1,0.932187112907814,0,1,"fucokinase activity","MF"
"919","GO:0050265",1,0.921258443584666,0,1,"RNA uridylyltransferase activity","MF"
"920","GO:0050269",1,0.927717140295535,0,1,"coniferyl-aldehyde dehydrogenase activity","MF"
"921","GO:0050281",1,0.899497465503296,0,1,"serine-glyoxylate transaminase activity","MF"
"922","GO:0050307",1,0.917048421106124,0,1,"sucrose-phosphate phosphatase activity","MF"
"923","GO:0050373",1,0.854459357918896,0,2,"UDP-arabinose 4-epimerase activity","MF"
"924","GO:0050378",1,0.719994403878105,0,3,"UDP-glucuronate 4-epimerase activity","MF"
"925","GO:0050421",1,0.913586866295147,0,1,"nitrite reductase (NO-forming) activity","MF"
"926","GO:0050486",1,0.930611825996198,0,1,"intramolecular transferase activity, transferring hydroxy groups","MF"
"927","GO:0050511",1,0.907972160435837,0,1,"undecaprenyldiphospho-muramoylpentapeptide beta-N-acetylglucosaminyltransferase activity","MF"
"928","GO:0050518",1,0.918667511311863,0,1,"2-C-methyl-D-erythritol 4-phosphate cytidylyltransferase activity","MF"
"929","GO:0050614",1,0.918103243851523,0,1,"delta24-sterol reductase activity","MF"
"930","GO:0050662",1,0.907517828065824,0,1,"coenzyme binding","MF"
"931","GO:0051010",1,0.912257386837631,0,1,"microtubule plus-end binding","MF"
"932","GO:0051011",1,0.868125019294914,0,2,"microtubule minus-end binding","MF"
"933","GO:0051020",1,0.852748540639889,0,2,"GTPase binding","MF"
"934","GO:0051087",1,0.559243249085612,0,5,"chaperone binding","MF"
"935","GO:0051266",1,0.88615409119907,0,1,"sirohydrochlorin ferrochelatase activity","MF"
"936","GO:0051287",1,0.278265910347942,0,13,"NAD binding","MF"
"937","GO:0051377",1,0.934481002268899,0,1,"mannose-ethanolamine phosphotransferase activity","MF"
"938","GO:0051536",1,0.743816605660514,0,3,"iron-sulfur cluster binding","MF"
"939","GO:0051721",1,0.917065034402396,0,1,"protein phosphatase 2A binding","MF"
"940","GO:0051753",1,0.727174362086899,0,4,"mannan synthase activity","MF"
"941","GO:0051777",1,0.925221192548537,0,1,"ent-kaurenoate oxidase activity","MF"
"942","GO:0051787",1,0.919318802095468,0,1,"misfolded protein binding","MF"
"943","GO:0051959",1,0.897029326169148,0,1,"dynein light intermediate chain binding","MF"
"944","GO:0052381",1,0.881051731367621,0,1,"tRNA dimethylallyltransferase activity","MF"
"945","GO:0052622",1,0.881051731367621,0,1,"ATP dimethylallyltransferase activity","MF"
"946","GO:0052623",1,0.881051731367621,0,1,"ADP dimethylallyltransferase activity","MF"
"947","GO:0052624",1,0.88762198167302,0,1,"2-phytyl-1,4-naphthoquinone methyltransferase activity","MF"
"948","GO:0052630",1,0.929152542043478,0,1,"UDP-N-acetylgalactosamine diphosphorylase activity","MF"
"949","GO:0052631",1,0.891923365362431,0,1,"sphingolipid delta-8 desaturase activity","MF"
"950","GO:0052634",1,0.837183952815608,0,2,"C-19 gibberellin 2-beta-dioxygenase activity","MF"
"951","GO:0052637",1,0.856036901420596,0,1,"delta 3-trans-hexadecenoic acid phosphatidylglycerol desaturase activity","MF"
"952","GO:0052642",1,0.917487423967318,0,1,"lysophosphatidic acid phosphatase activity","MF"
"953","GO:0052654",1,0.910036531161259,0,1,"L-leucine transaminase activity","MF"
"954","GO:0052655",1,0.910036531161259,0,1,"L-valine transaminase activity","MF"
"955","GO:0052656",1,0.910036531161259,0,1,"L-isoleucine transaminase activity","MF"
"956","GO:0052668",1,0.914956003595403,0,1,"farnesol kinase activity","MF"
"957","GO:0052669",1,0.914956003595403,0,1,"CTP:2-trans,-6-trans-farnesol kinase activity","MF"
"958","GO:0052670",1,0.914956003595403,0,1,"geraniol kinase activity","MF"
"959","GO:0052671",1,0.914956003595403,0,1,"geranylgeraniol kinase activity","MF"
"960","GO:0052716",1,0.921023310259602,0,1,"hydroquinone:oxygen oxidoreductase activity","MF"
"961","GO:0052717",1,0.934313015298245,0,1,"tRNA-specific adenosine-34 deaminase activity","MF"
"962","GO:0052723",1,0.96153024308185,0,1,"inositol hexakisphosphate 1-kinase activity","MF"
"963","GO:0052724",1,0.96153024308185,0,1,"inositol hexakisphosphate 3-kinase activity","MF"
"964","GO:0052739",1,0.793887696971648,0,3,"phosphatidylserine 1-acylhydrolase activity","MF"
"965","GO:0052740",1,0.793887696971648,0,3,"1-acyl-2-lysophosphatidylserine acylhydrolase activity","MF"
"966","GO:0052793",1,0.930902800316748,0,1,"pectin acetylesterase activity","MF"
"967","GO:0052852",1,0.837821004582056,0,2,"very-long-chain-(S)-2-hydroxy-acid oxidase activity","MF"
"968","GO:0052853",1,0.837821004582056,0,2,"long-chain-(S)-2-hydroxy-long-chain-acid oxidase activity","MF"
"969","GO:0052854",1,0.837821004582056,0,2,"medium-chain-(S)-2-hydroxy-acid oxidase activity","MF"
"970","GO:0061133",1,0.930400321000329,0,1,"endopeptidase activator activity","MF"
"971","GO:0061503",1,0.918162692983762,0,1,"tRNA threonylcarbamoyladenosine dehydratase","MF"
"972","GO:0061630",1,0.0886934356475988,0,26,"ubiquitin protein ligase activity","MF"
"973","GO:0061631",1,0.586808959503269,0,5,"ubiquitin conjugating enzyme activity","MF"
"974","GO:0061799",1,0.903195965750186,0,1,"cyclic pyranopterin monophosphate synthase activity","MF"
"975","GO:0070034",1,0.936889171910095,0,1,"telomerase RNA binding","MF"
"976","GO:0070139",1,0.927669733794609,0,1,"SUMO-specific endopeptidase activity","MF"
"977","GO:0070140",1,0.927669733794609,0,1,"SUMO-specific isopeptidase activity","MF"
"978","GO:0070204",1,0.952344869334422,0,1,"2-succinyl-5-enolpyruvyl-6-hydroxy-3-cyclohexene-1-carboxylic-acid synthase activity","MF"
"979","GO:0070205",1,0.952344869334422,0,1,"2-succinyl-6-hydroxy-2,4-cyclohexadiene-1-carboxylate synthase activity","MF"
"980","GO:0070290",1,0.886169194855899,0,2,"N-acylphosphatidylethanolamine-specific phospholipase D activity","MF"
"981","GO:0070300",1,0.828164357660396,0,2,"phosphatidic acid binding","MF"
"982","GO:0070403",1,0.690593488226855,0,3,"NAD+ binding","MF"
"983","GO:0070566",1,0.916710223238158,0,1,"adenylyltransferase activity","MF"
"984","GO:0070569",1,0.929152542043478,0,1,"uridylyltransferase activity","MF"
"985","GO:0070628",1,0.857419459343073,0,2,"proteasome binding","MF"
"986","GO:0070696",1,0.809460077033849,0,2,"transmembrane receptor protein serine/threonine kinase binding","MF"
"987","GO:0070728",1,0.916710223238158,0,1,"leucine binding","MF"
"988","GO:0070878",1,0.943862814828265,0,1,"primary miRNA binding","MF"
"989","GO:0070883",1,0.943862814828265,0,1,"pre-miRNA binding","MF"
"990","GO:0071617",1,0.902365142687375,0,1,"lysophospholipid acyltransferase activity","MF"
"991","GO:0072542",1,0.84295597913638,0,2,"protein phosphatase activator activity","MF"
"992","GO:0080018",1,0.87644544518763,0,1,"anthocyanin 5-O-glucosyltransferase activity","MF"
"993","GO:0080019",1,0.867565547030318,0,2,"fatty-acyl-CoA reductase (alcohol-forming) activity","MF"
"994","GO:0080041",1,0.845094034643932,0,2,"ADP-ribose pyrophosphohydrolase activity","MF"
"995","GO:0080042",1,0.908447603558522,0,1,"ADP-glucose pyrophosphohydrolase activity","MF"
"996","GO:0080054",1,0.902684069869318,0,1,"low-affinity nitrate transmembrane transporter activity","MF"
"997","GO:0080062",1,0.886813925423353,0,1,"cytokinin 9-beta-glucosyltransferase activity","MF"
"998","GO:0080084",1,0.911119096953164,0,1,"5S rDNA binding","MF"
"999","GO:0080115",1,0.912157413765769,0,1,"myosin XI tail binding","MF"
"1000","GO:0080123",1,0.916710223238158,0,1,"jasmonate-amino synthetase activity","MF"
"1001","GO:0080139",1,0.862874989099774,0,2,"borate efflux transmembrane transporter activity","MF"
"1002","GO:0090430",1,0.899195472986859,0,1,"caffeoyl-CoA: alcohol caffeoyl transferase activity","MF"
"1003","GO:0090447",1,0.843264454973884,0,2,"glycerol-3-phosphate 2-O-acyltransferase activity","MF"
"1004","GO:0097027",1,0.912081981674456,0,1,"ubiquitin-protein transferase activator activity","MF"
"1005","GO:0097157",1,0.922977261133303,0,1,"pre-mRNA intronic binding","MF"
"1006","GO:0098505",1,0.927084773212761,0,1,"G-rich strand telomeric DNA binding","MF"
"1007","GO:0102092",1,0.96153024308185,0,1,"5-diphosphoinositol pentakisphosphate 3-kinase activity","MF"
"1008","GO:0102148",1,0.941164778115133,0,1,"N-acetyl-beta-D-galactosaminidase activity","MF"
"1009","GO:0102202",1,0.935530872273497,0,1,"soladodine glucosyltransferase activity","MF"
"1010","GO:0102203",1,0.935530872273497,0,1,"brassicasterol glucosyltransferase activity","MF"
"1011","GO:0102205",1,0.935530872273497,0,1,"cholesterol allpha-glucosyltransferase activity","MF"
"1012","GO:0102229",1,0.920376613691187,0,1,"amylopectin maltohydrolase activity","MF"
"1013","GO:0102359",1,0.884826337156679,0,1,"daphnetin 4-O-beta-glucosyltransferase activity","MF"
"1014","GO:0102361",1,0.884826337156679,0,1,"esculetin 4-O-beta-glucosyltransferase activity","MF"
"1015","GO:0102391",1,0.927222403305193,0,1,"decanoate-CoA ligase activity","MF"
"1016","GO:0102419",1,0.91679584501033,0,1,"sn-2-glycerol-3-phosphate omega-OH-C22:0-CoA acyl transferase activity","MF"
"1017","GO:0102420",1,0.919817585787249,0,1,"sn-1-glycerol-3-phosphate C16:0-DCA-CoA acyl transferase activity","MF"
"1018","GO:0102485",1,0.922233122443261,0,1,"dATP phosphohydrolase activity","MF"
"1019","GO:0102486",1,0.922233122443261,0,1,"dCTP phosphohydrolase activity","MF"
"1020","GO:0102487",1,0.922233122443261,0,1,"dUTP phosphohydrolase activity","MF"
"1021","GO:0102488",1,0.922233122443261,0,1,"dTTP phosphohydrolase activity","MF"
"1022","GO:0102489",1,0.922233122443261,0,1,"GTP phosphohydrolase activity","MF"
"1023","GO:0102490",1,0.922233122443261,0,1,"8-oxo-dGTP phosphohydrolase activity","MF"
"1024","GO:0102491",1,0.922233122443261,0,1,"dGTP phosphohydrolase activity","MF"
"1025","GO:0102549",1,0.860818058779414,0,2,"1-18:1-2-16:0-monogalactosyldiacylglycerol lipase activity","MF"
"1026","GO:0102567",1,0.879590490852757,0,1,"phospholipase A2 activity (consuming 1,2-dipalmitoylphosphatidylcholine)","MF"
"1027","GO:0102568",1,0.879590490852757,0,1,"phospholipase A2 activity consuming 1,2-dioleoylphosphatidylethanolamine)","MF"
"1028","GO:0102732",1,0.891826473135593,0,1,"myo-inositol-1,2,3,4,6-heptakisphosphate 5-kinase activity","MF"
"1029","GO:0102822",1,0.912430692615766,0,1,"quercetin 3'-O-methyltransferase activity","MF"
"1030","GO:0102965",1,0.867565547030318,0,2,"alcohol-forming fatty acyl-CoA reductase activity","MF"
"1031","GO:0102966",1,0.853642859702013,0,1,"arachidoyl-CoA:1-dodecanol O-acyltransferase activity","MF"
"1032","GO:0103045",1,0.923417400067424,0,1,"methione N-acyltransferase activity","MF"
"1033","GO:0103095",1,0.853642859702013,0,1,"wax ester synthase activity","MF"
"1034","GO:0140078",1,0.885338224589643,0,1,"class I DNA-(apurinic or apyrimidinic site) endonuclease activity","MF"
"1035","GO:0140110",1,0.902325069938316,0,1,"transcription regulator activity","MF"
"1036","GO:0140223",1,0.917015110944619,0,1,"general transcription initiation factor activity","MF"
"1037","GO:1901981",1,0.72430472960705,0,2,"phosphatidylinositol phosphate binding","MF"
"1038","GO:1990135",1,0.853590852091073,0,1,"flavonoid sulfotransferase activity","MF"
"1039","GO:1990269",1,0.880503683482831,0,2,"RNA polymerase II C-terminal domain phosphoserine binding","MF"
"1040","GO:1990404",1,0.943373358796715,0,1,"protein ADP-ribosylase activity","MF"
"1041","GO:1990714",1,0.922317321270432,0,1,"hydroxyproline O-galactosyltransferase activity","MF"
"1042","GO:1990825",1,0.886712598966344,0,1,"sequence-specific mRNA binding","MF"
